universe,raw_ticker,yahoo_ticker,name,sector,location,exchange,currency,mapping_status
russell_2500_proxy,ATI,ATI,ATI,Industrials,United States,NYSE,USD,mapped
russell_2500_proxy,FFIV,FFIV,F5,Information Technology,United States,NASDAQ,USD,mapped
russell_2500_proxy,NVT,NVT,NVENT ELECTRIC PLC,Industrials,United States,NYSE,USD,mapped
russell_2500_proxy,GH,GH,GUARDANT HEALTH,Health Care,United States,NASDAQ,USD,mapped
russell_2500_proxy,THC,THC,TENET HEALTHCARE CORP,Health Care,United States,NYSE,USD,mapped
russell_2500_proxy,RGLD,RGLD,ROYAL GOLD,Materials,United States,NASDAQ,USD,mapped
russell_2500_proxy,SOFI,SOFI,SOFI TECHNOLOGIES,Financials,United States,NASDAQ,USD,mapped
russell_2500_proxy,CDE,CDE,COEUR MINING,Materials,United States,NYSE,USD,mapped
russell_2500_proxy,PKG,PKG,PACKAGING CORP OF AMERICA,Materials,United States,NYSE,USD,mapped
russell_2500_proxy,RS,RS,RELIANCE STEEL & ALUMINUM,Materials,United States,NYSE,USD,mapped
russell_2500_proxy,SNX,SNX,TD SYNNEX,Information Technology,United States,NYSE,USD,mapped
russell_2500_proxy,USFD,USFD,US FOODS HOLDING,Consumer Staples,United States,NYSE,USD,mapped
russell_2500_proxy,ROKU,ROKU,ROKU CLASS A,Communication,United States,NASDAQ,USD,mapped
russell_2500_proxy,VTRS,VTRS,VIATRIS,Health Care,United States,NASDAQ,USD,mapped
russell_2500_proxy,AFRM,AFRM,AFFIRM HOLDINGS CLASS A,Financials,United States,NASDAQ,USD,mapped
russell_2500_proxy,CRS,CRS,CARPENTER TECHNOLOGY,Industrials,United States,NYSE,USD,mapped
russell_2500_proxy,NI,NI,NISOURCE,Utilities,United States,NYSE,USD,mapped
russell_2500_proxy,ROIV,ROIV,ROIVANT SCIENCES LTD,Health Care,United States,NASDAQ,USD,mapped
russell_2500_proxy,WWD,WWD,WOODWARD,Industrials,United States,NASDAQ,USD,mapped
russell_2500_proxy,SNA,SNA,SNAP ON INC,Industrials,United States,NYSE,USD,mapped
russell_2500_proxy,PR,PR,PERMIAN RESOURCES CLASS A,Energy,United States,NYSE,USD,mapped
russell_2500_proxy,NTNX,NTNX,NUTANIX CLASS A,Information Technology,United States,NASDAQ,USD,mapped
russell_2500_proxy,DINO,DINO,HF SINCLAIR,Energy,United States,NYSE,USD,mapped
russell_2500_proxy,CHRW,CHRW,CH ROBINSON WORLDWIDE,Industrials,United States,NASDAQ,USD,mapped
russell_2500_proxy,ITT,ITT,ITT INC,Industrials,United States,NYSE,USD,mapped
russell_2500_proxy,OVV,OVV,OVINTIV,Energy,United States,NYSE,USD,mapped
russell_2500_proxy,MTSI,MTSI,MACOM TECHNOLOGY SOLUTIONS,Information Technology,United States,NASDAQ,USD,mapped
russell_2500_proxy,EWBC,EWBC,EAST WEST BANCORP,Financials,United States,NASDAQ,USD,mapped
russell_2500_proxy,RBRK,RBRK,RUBRIK CLASS A,Information Technology,United States,NYSE,USD,mapped
russell_2500_proxy,ZBRA,ZBRA,ZEBRA TECHNOLOGIES CORP CLASS A,Information Technology,United States,NASDAQ,USD,mapped
russell_2500_proxy,SMTC,SMTC,SEMTECH,Information Technology,United States,NASDAQ,USD,mapped
russell_2500_proxy,DT,DT,DYNATRACE INC,Information Technology,United States,NYSE,USD,mapped
russell_2500_proxy,NDSN,NDSN,NORDSON,Industrials,United States,NASDAQ,USD,mapped
russell_2500_proxy,RVTY,RVTY,REVVITY,Health Care,United States,NYSE,USD,mapped
russell_2500_proxy,GEN,GEN,GEN DIGITAL,Information Technology,United States,NASDAQ,USD,mapped
russell_2500_proxy,WCC,WCC,WESCO INTERNATIONAL,Industrials,United States,NYSE,USD,mapped
russell_2500_proxy,RGA,RGA,REINSURANCE GROUP OF AMERICA,Financials,United States,NYSE,USD,mapped
russell_2500_proxy,MKSI,MKSI,MKS,Information Technology,United States,NASDAQ,USD,mapped
russell_2500_proxy,APA,APA,APA,Energy,United States,NASDAQ,USD,mapped
russell_2500_proxy,CLH,CLH,CLEAN HARBORS INC,Industrials,United States,NYSE,USD,mapped
russell_2500_proxy,NLY,NLY,ANNALY CAPITAL MANAGEMENT REIT,Financials,United States,NYSE,USD,mapped
russell_2500_proxy,IONQ,IONQ,IONQ,Information Technology,United States,NYSE,USD,mapped
russell_2500_proxy,JLL,JLL,JONES LANG LASALLE,Real Estate,United States,NYSE,USD,mapped
russell_2500_proxy,RBC,RBC,RBC BEARINGS,Industrials,United States,NYSE,USD,mapped
russell_2500_proxy,UNM,UNM,UNUM,Financials,United States,NYSE,USD,mapped
russell_2500_proxy,STRL,STRL,STERLING INFRASTRUCTURE,Industrials,United States,NASDAQ,USD,mapped
russell_2500_proxy,EG,EG,EVEREST GROUP,Financials,United States,NYSE,USD,mapped
russell_2500_proxy,U,U,UNITY SOFTWARE,Information Technology,United States,NYSE,USD,mapped
russell_2500_proxy,NBIX,NBIX,NEUROCRINE BIOSCIENCES,Health Care,United States,NASDAQ,USD,mapped
russell_2500_proxy,KIM,KIM,KIMCO REALTY REIT CORP,Real Estate,United States,NYSE,USD,mapped
russell_2500_proxy,ARMK,ARMK,ARAMARK,Consumer Discretionary,United States,NYSE,USD,mapped
russell_2500_proxy,HST,HST,HOST HOTELS & RESORTS REIT,Real Estate,United States,NASDAQ,USD,mapped
russell_2500_proxy,LSCC,LSCC,LATTICE SEMICONDUCTOR,Information Technology,United States,NASDAQ,USD,mapped
russell_2500_proxy,JAZZ,JAZZ,JAZZ PHARMACEUTICALS PLC,Health Care,United States,NASDAQ,USD,mapped
russell_2500_proxy,EXEL,EXEL,EXELIXIS INC,Health Care,United States,NASDAQ,USD,mapped
russell_2500_proxy,PNFP,PNFP,PINNACLE FINANCIAL PARTNERS,Financials,United States,NYSE,USD,mapped
russell_2500_proxy,SGI,SGI,SOMNIGROUP INTERNATIONAL,Consumer Discretionary,United States,NYSE,USD,mapped
russell_2500_proxy,GFL,GFL,GFL ENVIRONMENTAL SUBORDINATE VOTI,Industrials,Canada,NYSE,USD,mapped
russell_2500_proxy,DOC,DOC,HEALTHPEAK PROPERTIES INC,Real Estate,United States,NYSE,USD,mapped
russell_2500_proxy,MEDP,MEDP,MEDPACE HOLDINGS,Health Care,United States,NASDAQ,USD,mapped
russell_2500_proxy,OHI,OHI,OMEGA HEALTHCARE INVESTORS REIT,Real Estate,United States,NYSE,USD,mapped
russell_2500_proxy,APG,APG,API GROUP,Industrials,United States,NYSE,USD,mapped
russell_2500_proxy,IREN,IREN,IREN,Information Technology,United States,NASDAQ,USD,mapped
russell_2500_proxy,TXT,TXT,TEXTRON INC,Industrials,United States,NYSE,USD,mapped
russell_2500_proxy,AIZ,AIZ,ASSURANT INC,Financials,United States,NYSE,USD,mapped
russell_2500_proxy,SN,SN,SHARKNINJA,Consumer Discretionary,United States,NYSE,USD,mapped
russell_2500_proxy,SWK,SWK,STANLEY BLACK & DECKER INC,Industrials,United States,NYSE,USD,mapped
russell_2500_proxy,CACI,CACI,CACI INTERNATIONAL INC CLASS A,Industrials,United States,NYSE,USD,mapped
russell_2500_proxy,CRL,CRL,CHARLES RIVER LABORATORIES INTERNA,Health Care,United States,NYSE,USD,mapped
russell_2500_proxy,RNR,RNR,RENAISSANCERE HOLDING,Financials,United States,NYSE,USD,mapped
russell_2500_proxy,RIVN,RIVN,RIVIAN AUTOMOTIVE INC CLASS A,Consumer Discretionary,United States,NASDAQ,USD,mapped
russell_2500_proxy,LECO,LECO,LINCOLN ELECTRIC HOLDINGS,Industrials,United States,NASDAQ,USD,mapped
russell_2500_proxy,DOCU,DOCU,DOCUSIGN,Information Technology,United States,NASDAQ,USD,mapped
russell_2500_proxy,SWKS,SWKS,SKYWORKS SOLUTIONS,Information Technology,United States,NASDAQ,USD,mapped
russell_2500_proxy,PFGC,PFGC,PERFORMANCE FOOD GROUP,Consumer Staples,United States,NYSE,USD,mapped
russell_2500_proxy,GL,GL,GLOBE LIFE,Financials,United States,NYSE,USD,mapped
russell_2500_proxy,ALB,ALB,ALBEMARLE CORP,Materials,United States,NYSE,USD,mapped
russell_2500_proxy,BMNR,BMNR,BITMINE IMMERSION TECHNOLOGIES,Information Technology,United States,NYSE,USD,mapped
russell_2500_proxy,BWXT,BWXT,BWX TECHNOLOGIES INC,Industrials,United States,NYSE,USD,mapped
russell_2500_proxy,SITM,SITM,SITIME,Information Technology,United States,NASDAQ,USD,mapped
russell_2500_proxy,REG,REG,REGENCY CENTERS REIT CORP,Real Estate,United States,NASDAQ,USD,mapped
russell_2500_proxy,TLN,TLN,TALEN ENERGY CORP,Utilities,United States,NASDAQ,USD,mapped
russell_2500_proxy,AVY,AVY,AVERY DENNISON CORP,Materials,United States,NYSE,USD,mapped
russell_2500_proxy,MLI,MLI,MUELLER INDUSTRIES INC,Industrials,United States,NYSE,USD,mapped
russell_2500_proxy,ALLE,ALLE,ALLEGION PLC,Industrials,United States,NYSE,USD,mapped
russell_2500_proxy,BWA,BWA,BORGWARNER,Consumer Discretionary,United States,NYSE,USD,mapped
russell_2500_proxy,GDDY,GDDY,GODADDY CLASS A,Information Technology,United States,NYSE,USD,mapped
russell_2500_proxy,SJM,SJM,JM SMUCKER,Consumer Staples,United States,NYSE,USD,mapped
russell_2500_proxy,SOLV,SOLV,SOLVENTUM,Health Care,United States,NYSE,USD,mapped
russell_2500_proxy,HALO,HALO,HALOZYME THERAPEUTICS,Health Care,United States,NASDAQ,USD,mapped
russell_2500_proxy,FIVE,FIVE,FIVE BELOW,Consumer Discretionary,United States,NASDAQ,USD,mapped
russell_2500_proxy,DTM,DTM,DT MIDSTREAM,Energy,United States,NYSE,USD,mapped
russell_2500_proxy,TOL,TOL,TOLL BROTHERS INC,Consumer Discretionary,United States,NYSE,USD,mapped
russell_2500_proxy,GGG,GGG,GRACO,Industrials,United States,NYSE,USD,mapped
russell_2500_proxy,RPM,RPM,RPM INTERNATIONAL INC,Materials,United States,NYSE,USD,mapped
russell_2500_proxy,HAS,HAS,HASBRO,Consumer Discretionary,United States,NASDAQ,USD,mapped
russell_2500_proxy,BMRN,BMRN,BIOMARIN PHARMACEUTICAL,Health Care,United States,NASDAQ,USD,mapped
russell_2500_proxy,LAMR,LAMR,LAMAR ADVERTISING COMPANY CLAS,Real Estate,United States,NASDAQ,USD,mapped
russell_2500_proxy,RL,RL,RALPH LAUREN CLASS A,Consumer Discretionary,United States,NYSE,USD,mapped
russell_2500_proxy,ONTO,ONTO,ONTO INNOVATION,Information Technology,United States,NYSE,USD,mapped
russell_2500_proxy,AA,AA,ALCOA CORP,Materials,United States,NYSE,USD,mapped
russell_2500_proxy,CCK,CCK,CROWN HOLDINGS INC,Materials,United States,NYSE,USD,mapped
russell_2500_proxy,NXT,NXT,NEXTPOWER INC,Industrials,United States,NASDAQ,USD,mapped
russell_2500_proxy,MANH,MANH,MANHATTAN ASSOCIATES,Information Technology,United States,NASDAQ,USD,mapped
russell_2500_proxy,GWRE,GWRE,GUIDEWIRE SOFTWARE,Information Technology,United States,NYSE,USD,mapped
russell_2500_proxy,IT,IT,GARTNER,Information Technology,United States,NYSE,USD,mapped
russell_2500_proxy,EQH,EQH,EQUITABLE HOLDINGS,Financials,United States,NYSE,USD,mapped
russell_2500_proxy,EHC,EHC,ENCOMPASS HEALTH,Health Care,United States,NYSE,USD,mapped
russell_2500_proxy,PEN,PEN,PENUMBRA,Health Care,United States,NYSE,USD,mapped
russell_2500_proxy,BJ,BJ,BJS WHOLESALE CLUB HOLDINGS,Consumer Staples,United States,NYSE,USD,mapped
russell_2500_proxy,HL,HL,HECLA MINING,Materials,United States,NYSE,USD,mapped
russell_2500_proxy,GNRC,GNRC,GENERAC HOLDINGS,Industrials,United States,NYSE,USD,mapped
russell_2500_proxy,ASND,ASND,ASCENDIS PHARMA,Health Care,Denmark,NASDAQ,USD,mapped
russell_2500_proxy,BAX,BAX,BAXTER INTERNATIONAL,Health Care,United States,NYSE,USD,mapped
russell_2500_proxy,WTRG,WTRG,ESSENTIAL UTILITIES INC,Utilities,United States,NYSE,USD,mapped
russell_2500_proxy,ELS,ELS,EQUITY LIFESTYLE PROPERTIES REIT I,Real Estate,United States,NYSE,USD,mapped
russell_2500_proxy,TTMI,TTMI,TTM TECHNOLOGIES INC,Information Technology,United States,NASDAQ,USD,mapped
russell_2500_proxy,AIT,AIT,APPLIED INDUSTRIAL TECHNOLOGIES,Industrials,United States,NYSE,USD,mapped
russell_2500_proxy,PNW,PNW,PINNACLE WEST,Utilities,United States,NYSE,USD,mapped
russell_2500_proxy,HUBS,HUBS,HUBSPOT,Information Technology,United States,NYSE,USD,mapped
russell_2500_proxy,BBIO,BBIO,BRIDGEBIO PHARMA,Health Care,United States,NASDAQ,USD,mapped
russell_2500_proxy,AGNC,AGNC,AGNC INVESTMENT REIT,Financials,United States,NASDAQ,USD,mapped
russell_2500_proxy,FHN,FHN,FIRST HORIZON,Financials,United States,NYSE,USD,mapped
russell_2500_proxy,TECH,TECH,BIO TECHNE,Health Care,United States,NASDAQ,USD,mapped
russell_2500_proxy,COKE,COKE,COCA COLA CONSOLIDATED INC,Consumer Staples,United States,NASDAQ,USD,mapped
russell_2500_proxy,SF,SF,STIFEL FINANCIAL,Financials,United States,NYSE,USD,mapped
russell_2500_proxy,ELAN,ELAN,ELANCO ANIMAL HEALTH,Health Care,United States,NYSE,USD,mapped
russell_2500_proxy,JKHY,JKHY,JACK HENRY AND ASSOCIATES INC,Financials,United States,NASDAQ,USD,mapped
russell_2500_proxy,NWSA,NWSA,NEWS CLASS A,Communication,United States,NASDAQ,USD,mapped
russell_2500_proxy,ALLY,ALLY,ALLY FINANCIAL INC,Financials,United States,NYSE,USD,mapped
russell_2500_proxy,QXO,QXO,QXO INC,Industrials,United States,NYSE,USD,mapped
russell_2500_proxy,UDR,UDR,UDR REIT,Real Estate,United States,NYSE,USD,mapped
russell_2500_proxy,TXRH,TXRH,TEXAS ROADHOUSE INC,Consumer Discretionary,United States,NASDAQ,USD,mapped
russell_2500_proxy,ARW,ARW,ARROW ELECTRONICS,Information Technology,United States,NYSE,USD,mapped
russell_2500_proxy,GLPI,GLPI,GAMING AND LEISURE PROPERTIES REIT,Real Estate,United States,NASDAQ,USD,mapped
russell_2500_proxy,IVZ,IVZ,INVESCO LTD,Financials,United States,NYSE,USD,mapped
russell_2500_proxy,HII,HII,HUNTINGTON INGALLS INDUSTRIES,Industrials,United States,NYSE,USD,mapped
russell_2500_proxy,CORT,CORT,CORCEPT THERAPEUTICS,Health Care,United States,NASDAQ,USD,mapped
russell_2500_proxy,DOCN,DOCN,DIGITALOCEAN HOLDINGS,Information Technology,United States,NYSE,USD,mapped
russell_2500_proxy,NYT,NYT,NEW YORK TIMES CLASS A,Communication,United States,NYSE,USD,mapped
russell_2500_proxy,EGP,EGP,EASTGROUP PROPERTIES REIT,Real Estate,United States,NYSE,USD,mapped
russell_2500_proxy,W,W,WAYFAIR CLASS A,Consumer Discretionary,United States,NYSE,USD,mapped
russell_2500_proxy,SEIC,SEIC,SEI INVESTMENTS,Financials,United States,NASDAQ,USD,mapped
russell_2500_proxy,WSO,WSO,WATSCO,Industrials,United States,NYSE,USD,mapped
russell_2500_proxy,CG,CG,CARLYLE GROUP INC,Financials,United States,NASDAQ,USD,mapped
russell_2500_proxy,SCI,SCI,SERVICE,Consumer Discretionary,United States,NYSE,USD,mapped
russell_2500_proxy,AR,AR,ANTERO RESOURCES,Energy,United States,NYSE,USD,mapped
russell_2500_proxy,AES,AES,AES,Utilities,United States,NYSE,USD,mapped
russell_2500_proxy,KNX,KNX,KNIGHT-SWIFT TRANSPORTATION HOLDIN,Industrials,United States,NYSE,USD,mapped
russell_2500_proxy,MOH,MOH,MOLINA HEALTHCARE INC,Health Care,United States,NYSE,USD,mapped
russell_2500_proxy,AMH,AMH,AMERICAN HOMES RENT REIT CLASS A,Real Estate,United States,NYSE,USD,mapped
russell_2500_proxy,AVTR,AVTR,AVANTOR,Health Care,United States,NYSE,USD,mapped
russell_2500_proxy,DAR,DAR,DARLING INGREDIENTS,Consumer Staples,United States,NYSE,USD,mapped
russell_2500_proxy,BPOP,BPOP,POPULAR,Financials,United States,NASDAQ,USD,mapped
russell_2500_proxy,CLX,CLX,CLOROX,Consumer Staples,United States,NYSE,USD,mapped
russell_2500_proxy,MTCH,MTCH,MATCH GROUP INC,Communication,United States,NASDAQ,USD,mapped
russell_2500_proxy,BXP,BXP,BXP,Real Estate,United States,NYSE,USD,mapped
russell_2500_proxy,CGNX,CGNX,COGNEX,Information Technology,United States,NASDAQ,USD,mapped
russell_2500_proxy,FDS,FDS,FACTSET RESEARCH SYSTEMS,Financials,United States,NYSE,USD,mapped
russell_2500_proxy,AHR,AHR,AMERICAN HEALTHCARE REIT,Real Estate,United States,NYSE,USD,mapped
russell_2500_proxy,QRVO,QRVO,QORVO,Information Technology,United States,NASDAQ,USD,mapped
russell_2500_proxy,SSB,SSB,SOUTHSTATE BANK CORP,Financials,United States,NYSE,USD,mapped
russell_2500_proxy,LFUS,LFUS,LITTELFUSE,Information Technology,United States,NASDAQ,USD,mapped
russell_2500_proxy,CPT,CPT,CAMDEN PROPERTY TRUST REIT,Real Estate,United States,NYSE,USD,mapped
russell_2500_proxy,DCI,DCI,DONALDSON,Industrials,United States,NYSE,USD,mapped
russell_2500_proxy,OC,OC,OWENS CORNING,Industrials,United States,NYSE,USD,mapped
russell_2500_proxy,ALSN,ALSN,ALLISON TRANSMISSION HOLDINGS,Industrials,United States,NYSE,USD,mapped
russell_2500_proxy,FROG,FROG,JFROG,Information Technology,United States,NASDAQ,USD,mapped
russell_2500_proxy,ENSG,ENSG,ENSIGN GROUP,Health Care,United States,NASDAQ,USD,mapped
russell_2500_proxy,SANM,SANM,SANMINA,Information Technology,United States,NASDAQ,USD,mapped
russell_2500_proxy,MOG A,MOG-A,MOOG INC CLASS A,Industrials,United States,NYSE,USD,mapped
russell_2500_proxy,WTFC,WTFC,WINTRUST FINANCIAL,Financials,United States,NASDAQ,USD,mapped
russell_2500_proxy,RRX,RRX,REGAL REXNORD,Industrials,United States,NYSE,USD,mapped
russell_2500_proxy,TWST,TWST,TWIST BIOSCIENCE,Health Care,United States,NASDAQ,USD,mapped
russell_2500_proxy,PODD,PODD,INSULET,Health Care,United States,NASDAQ,USD,mapped
russell_2500_proxy,CR,CR,CRANE,Industrials,United States,NYSE,USD,mapped
russell_2500_proxy,UMBF,UMBF,UMB FINANCIAL,Financials,United States,NASDAQ,USD,mapped
russell_2500_proxy,ARE,ARE,ALEXANDRIA REAL ESTATE EQUITIES RE,Real Estate,United States,NYSE,USD,mapped
russell_2500_proxy,AEIS,AEIS,ADVANCED ENERGY INDUSTRIES,Information Technology,United States,NASDAQ,USD,mapped
russell_2500_proxy,FRT,FRT,FEDERAL REALTY INVESTMENT TRUST RE,Real Estate,United States,NYSE,USD,mapped
russell_2500_proxy,MOD,MOD,MODINE MANUFACTURING,Industrials,United States,NYSE,USD,mapped
russell_2500_proxy,OGE,OGE,OGE ENERGY,Utilities,United States,NYSE,USD,mapped
russell_2500_proxy,MDGL,MDGL,MADRIGAL PHARMACEUTICALS,Health Care,United States,NASDAQ,USD,mapped
russell_2500_proxy,WTS,WTS,WATTS WATER TECHNOLOGIES CLASS A,Industrials,United States,NYSE,USD,mapped
russell_2500_proxy,AFG,AFG,AMERICAN FINANCIAL GROUP,Financials,United States,NYSE,USD,mapped
russell_2500_proxy,BAH,BAH,BOOZ ALLEN HAMILTON HOLDING CLASS,Industrials,United States,NYSE,USD,mapped
russell_2500_proxy,RGEN,RGEN,REPLIGEN,Health Care,United States,NASDAQ,USD,mapped
russell_2500_proxy,CFR,CFR,CULLEN FROST BANKERS,Financials,United States,NYSE,USD,mapped
russell_2500_proxy,FLS,FLS,FLOWSERVE,Industrials,United States,NYSE,USD,mapped
russell_2500_proxy,TTEK,TTEK,TETRA TECH,Industrials,United States,NASDAQ,USD,mapped
russell_2500_proxy,GME,GME,GAMESTOP CLASS A,Consumer Discretionary,United States,NYSE,USD,mapped
russell_2500_proxy,RMBS,RMBS,RAMBUS,Information Technology,United States,NASDAQ,USD,mapped
russell_2500_proxy,AXSM,AXSM,AXSOME THERAPEUTICS,Health Care,United States,NASDAQ,USD,mapped
russell_2500_proxy,PRI,PRI,PRIMERICA,Financials,United States,NYSE,USD,mapped
russell_2500_proxy,UHS,UHS,UNIVERSAL HEALTH SERVICES INC CLAS,Health Care,United States,NYSE,USD,mapped
russell_2500_proxy,PAYC,PAYC,PAYCOM SOFTWARE,Industrials,United States,NYSE,USD,mapped
russell_2500_proxy,ORI,ORI,OLD REPUBLIC INTERNATIONAL,Financials,United States,NYSE,USD,mapped
russell_2500_proxy,VOYA,VOYA,VOYA FINANCIAL,Financials,United States,NYSE,USD,mapped
russell_2500_proxy,ARWR,ARWR,ARROWHEAD PHARMACEUTICALS,Health Care,United States,NASDAQ,USD,mapped
russell_2500_proxy,QGEN,QGEN,QIAGEN,Health Care,Germany,NYSE,USD,mapped
russell_2500_proxy,RRC,RRC,RANGE RESOURCES,Energy,United States,NYSE,USD,mapped
russell_2500_proxy,WMS,WMS,ADVANCED DRAINAGE SYSTEMS INC,Industrials,United States,NYSE,USD,mapped
russell_2500_proxy,SAIA,SAIA,SAIA INC,Industrials,United States,NASDAQ,USD,mapped
russell_2500_proxy,CUBE,CUBE,CUBESMART REIT,Real Estate,United States,NYSE,USD,mapped
russell_2500_proxy,HUT,HUT,HUT CORP,Information Technology,United States,NASDAQ,USD,mapped
russell_2500_proxy,AMG,AMG,AFFILIATED MANAGERS GROUP,Financials,United States,NYSE,USD,mapped
russell_2500_proxy,AYI,AYI,ACUITY,Industrials,United States,NYSE,USD,mapped
russell_2500_proxy,OSK,OSK,OSHKOSH CORP,Industrials,United States,NYSE,USD,mapped
russell_2500_proxy,GKOS,GKOS,GLAUKOS,Health Care,United States,NYSE,USD,mapped
russell_2500_proxy,R,R,RYDER SYSTEM,Industrials,United States,NYSE,USD,mapped
russell_2500_proxy,PINS,PINS,PINTEREST CLASS A,Communication,United States,NYSE,USD,mapped
russell_2500_proxy,VSAT,VSAT,VIASAT INC,Information Technology,United States,NASDAQ,USD,mapped
russell_2500_proxy,VMI,VMI,VALMONT INDS,Industrials,United States,NYSE,USD,mapped
russell_2500_proxy,PNR,PNR,PENTAIR,Industrials,United States,NYSE,USD,mapped
russell_2500_proxy,BTSG,BTSG,BRIGHTSPRING HEALTH SERVICES INC,Health Care,United States,NASDAQ,USD,mapped
russell_2500_proxy,CYTK,CYTK,CYTOKINETICS,Health Care,United States,NASDAQ,USD,mapped
russell_2500_proxy,BEN,BEN,FRANKLIN TEMPLETON,Financials,United States,NYSE,USD,mapped
russell_2500_proxy,TXG,TXG,10X GENOMICS CLASS A,Health Care,United States,NASDAQ,USD,mapped
russell_2500_proxy,DPZ,DPZ,DOMINOS PIZZA,Consumer Discretionary,United States,NASDAQ,USD,mapped
russell_2500_proxy,KTOS,KTOS,KRATOS DEFENSE AND SECURITY SOLUTI,Industrials,United States,NASDAQ,USD,mapped
russell_2500_proxy,TTC,TTC,TORO,Industrials,United States,NYSE,USD,mapped
russell_2500_proxy,FCFS,FCFS,FIRSTCASH HOLDINGS INC,Financials,United States,NASDAQ,USD,mapped
russell_2500_proxy,SM,SM,SM ENERGY,Energy,United States,NYSE,USD,mapped
russell_2500_proxy,SPXC,SPXC,SPX TECHNOLOGIES INC,Industrials,United States,NYSE,USD,mapped
russell_2500_proxy,MUSA,MUSA,MURPHY USA,Consumer Discretionary,United States,NYSE,USD,mapped
russell_2500_proxy,REXR,REXR,REXFORD INDUSTRIAL REALTY REIT,Real Estate,United States,NYSE,USD,mapped
russell_2500_proxy,TEM,TEM,TEMPUS AI CLASS A,Health Care,United States,NASDAQ,USD,mapped
russell_2500_proxy,COLB,COLB,COLUMBIA BANKING SYSTEM INC,Financials,United States,NASDAQ,USD,mapped
russell_2500_proxy,TIGO,TIGO,MILLICOM INTERNATIONAL CELLULAR,Communication,Sweden,NASDAQ,USD,mapped
russell_2500_proxy,ONB,ONB,OLD NATIONAL BANCORP,Financials,United States,NASDAQ,USD,mapped
russell_2500_proxy,CRBG,CRBG,COREBRIDGE FINANCIAL INC,Financials,United States,NYSE,USD,mapped
russell_2500_proxy,FORM,FORM,FORMFACTOR INC,Information Technology,United States,NASDAQ,USD,mapped
russell_2500_proxy,KRYS,KRYS,KRYSTAL BIOTECH,Health Care,United States,NASDAQ,USD,mapped
russell_2500_proxy,PTGX,PTGX,PROTAGONIST THERAPEUTICS,Health Care,United States,NASDAQ,USD,mapped
russell_2500_proxy,EVR,EVR,EVERCORE CLASS A,Financials,United States,NYSE,USD,mapped
russell_2500_proxy,BRX,BRX,BRIXMOR PROPERTY GROUP REIT INC,Real Estate,United States,NYSE,USD,mapped
russell_2500_proxy,DY,DY,DYCOM INDUSTRIES INC,Industrials,United States,NYSE,USD,mapped
russell_2500_proxy,WAL,WAL,WESTERN ALLIANCE,Financials,United States,NYSE,USD,mapped
russell_2500_proxy,AAL,AAL,AMERICAN AIRLINES GROUP,Industrials,United States,NASDAQ,USD,mapped
russell_2500_proxy,ZION,ZION,ZIONS BANCORPORATION,Financials,United States,NASDAQ,USD,mapped
russell_2500_proxy,HSIC,HSIC,HENRY SCHEIN,Health Care,United States,NASDAQ,USD,mapped
russell_2500_proxy,EAT,EAT,BRINKER INTERNATIONAL INC,Consumer Discretionary,United States,NYSE,USD,mapped
russell_2500_proxy,CTRE,CTRE,CARETRUST REIT,Real Estate,United States,NYSE,USD,mapped
russell_2500_proxy,GMED,GMED,GLOBUS MEDICAL CLASS A,Health Care,United States,NYSE,USD,mapped
russell_2500_proxy,KMX,KMX,CARMAX INC,Consumer Discretionary,United States,NYSE,USD,mapped
russell_2500_proxy,CHRD,CHRD,CHORD ENERGY,Energy,United States,NASDAQ,USD,mapped
russell_2500_proxy,FR,FR,FIRST INDUSTRIAL REALTY TRUST,Real Estate,United States,NYSE,USD,mapped
russell_2500_proxy,UGI,UGI,UGI,Utilities,United States,NYSE,USD,mapped
russell_2500_proxy,ACM,ACM,AECOM,Industrials,United States,NYSE,USD,mapped
russell_2500_proxy,XP,XP,XP CLASS A INC,Financials,Brazil,NASDAQ,USD,mapped
russell_2500_proxy,VNOM,VNOM,VIPER ENERGY INC CLASS A,Energy,United States,NASDAQ,USD,mapped
russell_2500_proxy,IDCC,IDCC,INTERDIGITAL INC,Information Technology,United States,NASDAQ,USD,mapped
russell_2500_proxy,ESTC,ESTC,ELASTIC,Information Technology,United States,NYSE,USD,mapped
russell_2500_proxy,MOS,MOS,MOSAIC,Materials,United States,NYSE,USD,mapped
russell_2500_proxy,PB,PB,PROSPERITY BANCSHARES,Financials,United States,NYSE,USD,mapped
russell_2500_proxy,ADC,ADC,AGREE REALTY REIT,Real Estate,United States,NYSE,USD,mapped
russell_2500_proxy,CNM,CNM,CORE & MAIN INC CLASS A,Industrials,United States,NYSE,USD,mapped
russell_2500_proxy,VIAV,VIAV,VIAVI SOLUTIONS,Information Technology,United States,NASDAQ,USD,mapped
russell_2500_proxy,ATR,ATR,APTARGROUP,Materials,United States,NYSE,USD,mapped
russell_2500_proxy,CHYM,CHYM,CHIME FINANCIAL CLASS A,Financials,United States,NASDAQ,USD,mapped
russell_2500_proxy,THG,THG,HANOVER INSURANCE GROUP,Financials,United States,NYSE,USD,mapped
russell_2500_proxy,RHP,RHP,RYMAN HOSPITALITY PROPERTIES REIT,Real Estate,United States,NYSE,USD,mapped
russell_2500_proxy,TGTX,TGTX,TG THERAPEUTICS,Health Care,United States,NASDAQ,USD,mapped
russell_2500_proxy,AUR,AUR,AURORA INNOVATION CLASS A,Information Technology,United States,NASDAQ,USD,mapped
russell_2500_proxy,DKS,DKS,DICKS SPORTING,Consumer Discretionary,United States,NYSE,USD,mapped
russell_2500_proxy,NNN,NNN,NNN REIT,Real Estate,United States,NYSE,USD,mapped
russell_2500_proxy,KNSL,KNSL,KINSALE CAPITAL GROUP INC,Financials,United States,NYSE,USD,mapped
russell_2500_proxy,HQY,HQY,HEALTHEQUITY,Health Care,United States,NASDAQ,USD,mapped
russell_2500_proxy,CBSH,CBSH,COMMERCE BANCSHARES,Financials,United States,NASDAQ,USD,mapped
russell_2500_proxy,SSRM,SSRM,SSR MINING,Materials,Canada,NASDAQ,USD,mapped
russell_2500_proxy,IONS,IONS,IONIS PHARMACEUTICALS,Health Care,United States,NASDAQ,USD,mapped
russell_2500_proxy,PCVX,PCVX,VAXCYTE,Health Care,United States,NASDAQ,USD,mapped
russell_2500_proxy,FLR,FLR,FLUOR CORP,Industrials,United States,NYSE,USD,mapped
russell_2500_proxy,JXN,JXN,JACKSON FINANCIAL CLASS A,Financials,United States,NYSE,USD,mapped
russell_2500_proxy,AVT,AVT,AVNET INC,Information Technology,United States,NASDAQ,USD,mapped
russell_2500_proxy,ESI,ESI,ELEMENT SOLUTIONS INC,Materials,United States,NYSE,USD,mapped
russell_2500_proxy,AAOI,AAOI,APPLIED OPTOELECTRONICS,Information Technology,United States,NASDAQ,USD,mapped
russell_2500_proxy,RAL,RAL,RALLIANT,Information Technology,United States,NYSE,USD,mapped
russell_2500_proxy,ALKS,ALKS,ALKERMES,Health Care,United States,NASDAQ,USD,mapped
russell_2500_proxy,RIOT,RIOT,RIOT PLATFORMS,Information Technology,United States,NASDAQ,USD,mapped
russell_2500_proxy,NFG,NFG,NATIONAL FUEL GAS,Utilities,United States,NYSE,USD,mapped
russell_2500_proxy,EMN,EMN,EASTMAN CHEMICAL,Materials,United States,NYSE,USD,mapped
russell_2500_proxy,PRAX,PRAX,PRAXIS PRECISION MEDICINES,Health Care,United States,NASDAQ,USD,mapped
russell_2500_proxy,TKR,TKR,TIMKEN,Industrials,United States,NYSE,USD,mapped
russell_2500_proxy,OSCR,OSCR,OSCAR HEALTH CLASS A,Financials,United States,NYSE,USD,mapped
russell_2500_proxy,S,S,SENTINELONE INC CLASS A,Information Technology,United States,NYSE,USD,mapped
russell_2500_proxy,IDA,IDA,IDACORP,Utilities,United States,NYSE,USD,mapped
russell_2500_proxy,NOV,NOV,NOV,Energy,United States,NYSE,USD,mapped
russell_2500_proxy,KEX,KEX,KIRBY CORP,Industrials,United States,NYSE,USD,mapped
russell_2500_proxy,PBF,PBF,PBF ENERGY CLASS A,Energy,United States,NYSE,USD,mapped
russell_2500_proxy,AGCO,AGCO,AGCO,Industrials,United States,NYSE,USD,mapped
russell_2500_proxy,CMC,CMC,COMMERCIAL METALS,Materials,United States,NYSE,USD,mapped
russell_2500_proxy,COMP,COMP,COMPASS INC CLASS A,Real Estate,United States,NYSE,USD,mapped
russell_2500_proxy,CAG,CAG,CONAGRA BRANDS,Consumer Staples,United States,NYSE,USD,mapped
russell_2500_proxy,JEF,JEF,JEFFERIES FINANCIAL GROUP INC,Financials,United States,NYSE,USD,mapped
russell_2500_proxy,LAD,LAD,LITHIA MOTORS INC CLASS A,Consumer Discretionary,United States,NYSE,USD,mapped
russell_2500_proxy,CLF,CLF,CLEVELAND CLIFFS INC,Materials,United States,NYSE,USD,mapped
russell_2500_proxy,HLI,HLI,HOULIHAN LOKEY CLASS A,Financials,United States,NYSE,USD,mapped
russell_2500_proxy,GTLB,GTLB,GITLAB CLASS A,Information Technology,United States,NASDAQ,USD,mapped
russell_2500_proxy,KYMR,KYMR,KYMERA THERAPEUTICS,Health Care,United States,NASDAQ,USD,mapped
russell_2500_proxy,MGM,MGM,MGM RESORTS INTERNATIONAL,Consumer Discretionary,United States,NYSE,USD,mapped
russell_2500_proxy,STAG,STAG,STAG INDUSTRIAL REIT,Real Estate,United States,NYSE,USD,mapped
russell_2500_proxy,MP,MP,MP MATERIALS CLASS A,Materials,United States,NYSE,USD,mapped
russell_2500_proxy,SSD,SSD,SIMPSON MANUFACTURING,Industrials,United States,NYSE,USD,mapped
russell_2500_proxy,OMF,OMF,ONEMAIN HOLDINGS,Financials,United States,NYSE,USD,mapped
russell_2500_proxy,AM,AM,ANTERO MIDSTREAM,Energy,United States,NYSE,USD,mapped
russell_2500_proxy,SLAB,SLAB,SILICON LABORATORIES,Information Technology,United States,NASDAQ,USD,mapped
russell_2500_proxy,BRKR,BRKR,BRUKER,Health Care,United States,NASDAQ,USD,mapped
russell_2500_proxy,SNEX,SNEX,STONEX GROUP INC,Financials,United States,NASDAQ,USD,mapped
russell_2500_proxy,AXTA,AXTA,AXALTA COATING SYSTEMS,Materials,United States,NYSE,USD,mapped
russell_2500_proxy,CART,CART,MAPLEBEAR,Consumer Staples,United States,NASDAQ,USD,mapped
russell_2500_proxy,ACA,ACA,ARCOSA,Industrials,United States,NYSE,USD,mapped
russell_2500_proxy,FAF,FAF,FIRST AMERICAN FINANCIAL CORP,Financials,United States,NYSE,USD,mapped
russell_2500_proxy,TPG,TPG,TPG INC CLASS A,Financials,United States,NASDAQ,USD,mapped
russell_2500_proxy,MATX,MATX,MATSON INC,Industrials,United States,NYSE,USD,mapped
russell_2500_proxy,BIO,BIO,BIO RAD LABORATORIES CLASS A,Health Care,United States,NYSE,USD,mapped
russell_2500_proxy,TRNO,TRNO,TERRENO REALTY REIT,Real Estate,United States,NYSE,USD,mapped
russell_2500_proxy,ETSY,ETSY,ETSY,Consumer Discretionary,United States,NYSE,USD,mapped
russell_2500_proxy,AWI,AWI,ARMSTRONG WORLD INDUSTRIES,Industrials,United States,NYSE,USD,mapped
russell_2500_proxy,APLD,APLD,APPLIED DIGITAL,Information Technology,United States,NASDAQ,USD,mapped
russell_2500_proxy,MTDR,MTDR,MATADOR RESOURCES,Energy,United States,NYSE,USD,mapped
russell_2500_proxy,FSS,FSS,FEDERAL SIGNAL CORP,Industrials,United States,NYSE,USD,mapped
russell_2500_proxy,SYRE,SYRE,SPYRE THERAPEUTICS INC,Health Care,United States,NASDAQ,USD,mapped
russell_2500_proxy,ZETA,ZETA,ZETA GLOBAL HOLDINGS CLASS A,Information Technology,United States,NYSE,USD,mapped
russell_2500_proxy,ZWS,ZWS,ZURN ELKAY WATER SOLUTIONS CORP,Industrials,United States,NYSE,USD,mapped
russell_2500_proxy,WEX,WEX,WEX,Financials,United States,NYSE,USD,mapped
russell_2500_proxy,ESE,ESE,ESCO TECHNOLOGIES,Industrials,United States,NYSE,USD,mapped
russell_2500_proxy,CHE,CHE,CHEMED,Health Care,United States,NYSE,USD,mapped
russell_2500_proxy,HXL,HXL,HEXCEL,Industrials,United States,NYSE,USD,mapped
russell_2500_proxy,NCLH,NCLH,NORWEGIAN CRUISE LINE HOLDINGS,Consumer Discretionary,United States,NYSE,USD,mapped
russell_2500_proxy,VLY,VLY,VALLEY NATIONAL,Financials,United States,NASDAQ,USD,mapped
russell_2500_proxy,SFM,SFM,SPROUTS FARMERS MARKET INC,Consumer Staples,United States,NASDAQ,USD,mapped
russell_2500_proxy,MSA,MSA,MSA SAFETY INC,Industrials,United States,NYSE,USD,mapped
russell_2500_proxy,GTES,GTES,GATES INDUSTRIAL PLC,Industrials,United States,NYSE,USD,mapped
russell_2500_proxy,MHK,MHK,MOHAWK INDUSTRIES,Consumer Discretionary,United States,NYSE,USD,mapped
russell_2500_proxy,PCTY,PCTY,PAYLOCITY HOLDING CORP,Industrials,United States,NASDAQ,USD,mapped
russell_2500_proxy,TEX,TEX,TEREX,Industrials,United States,NYSE,USD,mapped
russell_2500_proxy,PLXS,PLXS,PLEXUS CORP,Information Technology,United States,NASDAQ,USD,mapped
russell_2500_proxy,CVLT,CVLT,COMMVAULT SYSTEMS,Information Technology,United States,NASDAQ,USD,mapped
russell_2500_proxy,DOX,DOX,AMDOCS,Information Technology,United States,NASDAQ,USD,mapped
russell_2500_proxy,FNB,FNB,FNB CORP,Financials,United States,NYSE,USD,mapped
russell_2500_proxy,MSGS,MSGS,MADISON SQUARE GARDEN SPORTS CLASS,Communication,United States,NYSE,USD,mapped
russell_2500_proxy,PCOR,PCOR,PROCORE TECHNOLOGIES INC,Information Technology,United States,NYSE,USD,mapped
russell_2500_proxy,LNTH,LNTH,LANTHEUS HOLDINGS,Health Care,United States,NASDAQ,USD,mapped
russell_2500_proxy,AOS,AOS,A O SMITH,Industrials,United States,NYSE,USD,mapped
russell_2500_proxy,FPS,FPS,FORGENT POWER SOLUTIONS CLASS A,Industrials,United States,NYSE,USD,mapped
russell_2500_proxy,WYNN,WYNN,WYNN RESORTS,Consumer Discretionary,United States,NASDAQ,USD,mapped
russell_2500_proxy,ENS,ENS,ENERSYS,Industrials,United States,NYSE,USD,mapped
russell_2500_proxy,QBTS,QBTS,D WAVE QUANTUM,Information Technology,United States,NASDAQ,USD,mapped
russell_2500_proxy,MXL,MXL,MAXLINEAR,Information Technology,United States,NASDAQ,USD,mapped
russell_2500_proxy,QLYS,QLYS,QUALYS,Information Technology,United States,NASDAQ,USD,mapped
russell_2500_proxy,UBSI,UBSI,UNITED BANKSHARES,Financials,United States,NASDAQ,USD,mapped
russell_2500_proxy,AVAV,AVAV,AEROVIRONMENT,Industrials,United States,NASDAQ,USD,mapped
russell_2500_proxy,SWX,SWX,SOUTHWEST GAS HOLDINGS,Utilities,United States,NYSE,USD,mapped
russell_2500_proxy,LEA,LEA,LEAR,Consumer Discretionary,United States,NYSE,USD,mapped
russell_2500_proxy,GATX,GATX,GATX,Industrials,United States,NYSE,USD,mapped
russell_2500_proxy,INGR,INGR,INGREDION INC,Consumer Staples,United States,NYSE,USD,mapped
russell_2500_proxy,MTG,MTG,MGIC INVESTMENT,Financials,United States,NYSE,USD,mapped
russell_2500_proxy,HR,HR,HEALTHCARE REALTY TRUST INC CLASS,Real Estate,United States,NYSE,USD,mapped
russell_2500_proxy,MAC,MAC,MACERICH REIT,Real Estate,United States,NYSE,USD,mapped
russell_2500_proxy,TXNM,TXNM,TXNM ENERGY INC,Utilities,United States,NYSE,USD,mapped
russell_2500_proxy,H,H,HYATT HOTELS CORP CLASS A,Consumer Discretionary,United States,NYSE,USD,mapped
russell_2500_proxy,ST,ST,SENSATA TECHNOLOGIES HOLDING PLC,Industrials,United States,NYSE,USD,mapped
russell_2500_proxy,LW,LW,LAMB WESTON HOLDINGS,Consumer Staples,United States,NYSE,USD,mapped
russell_2500_proxy,VNO,VNO,VORNADO REALTY TRUST REIT,Real Estate,United States,NYSE,USD,mapped
russell_2500_proxy,CRUS,CRUS,CIRRUS LOGIC,Information Technology,United States,NASDAQ,USD,mapped
russell_2500_proxy,LKQ,LKQ,LKQ CORP,Consumer Discretionary,United States,NASDAQ,USD,mapped
russell_2500_proxy,HWC,HWC,HANCOCK WHITNEY,Financials,United States,NASDAQ,USD,mapped
russell_2500_proxy,LUMN,LUMN,LUMEN TECHNOLOGIES,Communication,United States,NYSE,USD,mapped
russell_2500_proxy,BLDR,BLDR,BUILDERS FIRSTSOURCE INC,Industrials,United States,NYSE,USD,mapped
russell_2500_proxy,HRL,HRL,HORMEL FOODS CORP,Consumer Staples,United States,NYSE,USD,mapped
russell_2500_proxy,RYN,RYN,RAYONIER REIT,Real Estate,United States,NYSE,USD,mapped
russell_2500_proxy,TAP,TAP,MOLSON COORS BREWING CLASS B,Consumer Staples,United States,NYSE,USD,mapped
russell_2500_proxy,AXS,AXS,AXIS CAPITAL HOLDINGS,Financials,United States,NYSE,USD,mapped
russell_2500_proxy,EPAM,EPAM,EPAM SYSTEMS,Information Technology,United States,NYSE,USD,mapped
russell_2500_proxy,ESNT,ESNT,ESSENT GROUP,Financials,United States,NYSE,USD,mapped
russell_2500_proxy,CZR,CZR,CAESARS ENTERTAINMENT INC,Consumer Discretionary,United States,NASDAQ,USD,mapped
russell_2500_proxy,AMKR,AMKR,AMKOR TECHNOLOGY,Information Technology,United States,NASDAQ,USD,mapped
russell_2500_proxy,CROX,CROX,CROCS,Consumer Discretionary,United States,NASDAQ,USD,mapped
russell_2500_proxy,WULF,WULF,TERAWULF,Information Technology,United States,NASDAQ,USD,mapped
russell_2500_proxy,TTD,TTD,TRADE DESK INC CLASS A,Communication,United States,NASDAQ,USD,mapped
russell_2500_proxy,ANF,ANF,ABERCROMBIE AND FITCH CLASS A,Consumer Discretionary,United States,NYSE,USD,mapped
russell_2500_proxy,NPO,NPO,ENPRO,Industrials,United States,NYSE,USD,mapped
russell_2500_proxy,DVA,DVA,DAVITA INC,Health Care,United States,NYSE,USD,mapped
russell_2500_proxy,ORA,ORA,ORMAT TECH INC,Utilities,United States,NYSE,USD,mapped
russell_2500_proxy,LYFT,LYFT,LYFT CLASS A,Industrials,United States,NASDAQ,USD,mapped
russell_2500_proxy,LSTR,LSTR,LANDSTAR SYSTEM,Industrials,United States,NASDAQ,USD,mapped
russell_2500_proxy,WFRD,WFRD,WEATHERFORD INTERNATIONAL PLC,Energy,United States,NASDAQ,USD,mapped
russell_2500_proxy,HIMS,HIMS,HIMS HERS HEALTH CLASS A,Health Care,United States,NYSE,USD,mapped
russell_2500_proxy,ECG,ECG,EVERUS CONSTRUCTION GROUP,Industrials,United States,NYSE,USD,mapped
russell_2500_proxy,LTH,LTH,LIFE TIME GROUP HOLDINGS,Consumer Discretionary,United States,NYSE,USD,mapped
russell_2500_proxy,GBCI,GBCI,GLACIER BANCORP INC,Financials,United States,NYSE,USD,mapped
russell_2500_proxy,MGY,MGY,MAGNOLIA OIL GAS CORP CLASS A,Energy,United States,NYSE,USD,mapped
russell_2500_proxy,UHAL B,UHAL-B,U HAUL NON VOTING SERIES N,Industrials,United States,NYSE,USD,mapped
russell_2500_proxy,DUOL,DUOL,DUOLINGO CLASS A,Consumer Discretionary,United States,NASDAQ,USD,mapped
russell_2500_proxy,EPRT,EPRT,ESSENTIAL PROPERTIES REALTY TRUST,Real Estate,United States,NYSE,USD,mapped
russell_2500_proxy,M,M,MACYS INC,Consumer Discretionary,United States,NYSE,USD,mapped
russell_2500_proxy,SAIC,SAIC,SCIENCE APPLICATIONS INTERNATIONAL,Industrials,United States,NASDAQ,USD,mapped
russell_2500_proxy,KGS,KGS,KODIAK GAS SERVICES INC,Energy,United States,NYSE,USD,mapped
russell_2500_proxy,DBX,DBX,DROPBOX INC CLASS A,Information Technology,United States,NASDAQ,USD,mapped
russell_2500_proxy,HRB,HRB,H&R BLOCK INC,Consumer Discretionary,United States,NYSE,USD,mapped
russell_2500_proxy,JBTM,JBTM,JBT MAREL,Industrials,United States,NYSE,USD,mapped
russell_2500_proxy,PRMB,PRMB,PRIMO BRANDS CLASS A CORP,Consumer Staples,United States,NYSE,USD,mapped
russell_2500_proxy,OKLO,OKLO,OKLO CLASS A,Utilities,United States,NYSE,USD,mapped
russell_2500_proxy,TVTX,TVTX,TRAVERE THERAPEUTICS,Health Care,United States,NASDAQ,USD,mapped
russell_2500_proxy,POR,POR,PORTLAND GENERAL ELECTRIC,Utilities,United States,NYSE,USD,mapped
russell_2500_proxy,CIFR,CIFR,CIPHER DIGITAL INC,Information Technology,United States,NASDAQ,USD,mapped
russell_2500_proxy,MSM,MSM,MSC INDUSTRIAL CLASS A,Industrials,United States,NYSE,USD,mapped
russell_2500_proxy,EXP,EXP,EAGLE MATERIALS INC,Materials,United States,NYSE,USD,mapped
russell_2500_proxy,IESC,IESC,IES INC,Industrials,United States,NASDAQ,USD,mapped
russell_2500_proxy,TFX,TFX,TELEFLEX,Health Care,United States,NYSE,USD,mapped
russell_2500_proxy,PATH,PATH,UIPATH INC CLASS A,Information Technology,United States,NYSE,USD,mapped
russell_2500_proxy,LGND,LGND,LIGAND PHARMACEUTICALS,Health Care,United States,NASDAQ,USD,mapped
russell_2500_proxy,HOMB,HOMB,HOME BANCSHARES INC,Financials,United States,NYSE,USD,mapped
russell_2500_proxy,FTDR,FTDR,FRONTDOOR INC,Consumer Discretionary,United States,NASDAQ,USD,mapped
russell_2500_proxy,NE,NE,NOBLE CORPORATION PLC,Energy,United States,NYSE,USD,mapped
russell_2500_proxy,NEU,NEU,NEWMARKET,Materials,United States,NYSE,USD,mapped
russell_2500_proxy,RNG,RNG,RINGCENTRAL INC CLASS A,Information Technology,United States,NYSE,USD,mapped
russell_2500_proxy,G,G,GENPACT,Industrials,United States,NYSE,USD,mapped
russell_2500_proxy,CWST,CWST,CASELLA WASTE SYSTEMS CLASS A,Industrials,United States,NASDAQ,USD,mapped
russell_2500_proxy,AUB,AUB,ATLANTIC UNION BANKSHARES,Financials,United States,NYSE,USD,mapped
russell_2500_proxy,ELF,ELF,ELF BEAUTY,Consumer Staples,United States,NYSE,USD,mapped
russell_2500_proxy,PTCT,PTCT,PTC THERAPEUTICS,Health Care,United States,NASDAQ,USD,mapped
russell_2500_proxy,CHDN,CHDN,CHURCHILL DOWNS,Consumer Discretionary,United States,NASDAQ,USD,mapped
russell_2500_proxy,XENE,XENE,XENON PHARMACEUTICALS,Health Care,United States,NASDAQ,USD,mapped
russell_2500_proxy,POOL,POOL,POOL,Consumer Discretionary,United States,NASDAQ,USD,mapped
russell_2500_proxy,BKH,BKH,BLACK HILLS CORP,Utilities,United States,NYSE,USD,mapped
russell_2500_proxy,CGON,CGON,CG ONCOLOGY,Health Care,United States,NASDAQ,USD,mapped
russell_2500_proxy,RIG,RIG,TRANSOCEAN,Energy,United States,NYSE,USD,mapped
russell_2500_proxy,SXT,SXT,SENSIENT TECHNOLOGIES,Materials,United States,NYSE,USD,mapped
russell_2500_proxy,RDNT,RDNT,RADNET,Health Care,United States,NASDAQ,USD,mapped
russell_2500_proxy,ABCB,ABCB,AMERIS BANCORP,Financials,United States,NYSE,USD,mapped
russell_2500_proxy,VICR,VICR,VICOR,Industrials,United States,NASDAQ,USD,mapped
russell_2500_proxy,GXO,GXO,GXO LOGISTICS,Industrials,United States,NYSE,USD,mapped
russell_2500_proxy,NJR,NJR,NEW JERSEY RESOURCES CORP,Utilities,United States,NYSE,USD,mapped
russell_2500_proxy,COGT,COGT,COGENT BIOSCIENCES,Health Care,United States,NASDAQ,USD,mapped
russell_2500_proxy,SHC,SHC,SOTERA HEALTH COMPANY,Health Care,United States,NASDAQ,USD,mapped
russell_2500_proxy,RITM,RITM,RITHM CAPITAL,Financials,United States,NYSE,USD,mapped
russell_2500_proxy,EXLS,EXLS,EXLSERVICE HOLDINGS,Industrials,United States,NASDAQ,USD,mapped
russell_2500_proxy,STWD,STWD,STARWOOD PROPERTY TRUST REIT INC,Financials,United States,NYSE,USD,mapped
russell_2500_proxy,SRRK,SRRK,SCHOLAR ROCK HOLDING,Health Care,United States,NASDAQ,USD,mapped
russell_2500_proxy,VSXY,VSXY,VICTORIA S SECRET,Consumer Discretionary,United States,NYSE,USD,mapped
russell_2500_proxy,CE,CE,CELANESE CORP,Materials,United States,NYSE,USD,mapped
russell_2500_proxy,VRNS,VRNS,VARONIS SYSTEMS,Information Technology,United States,NASDAQ,USD,mapped
russell_2500_proxy,RYTM,RYTM,RHYTHM PHARMACEUTICALS,Health Care,United States,NASDAQ,USD,mapped
russell_2500_proxy,AROC,AROC,ARCHROCK,Energy,United States,NYSE,USD,mapped
russell_2500_proxy,AAON,AAON,AAON,Industrials,United States,NASDAQ,USD,mapped
russell_2500_proxy,BCPC,BCPC,BALCHEM,Materials,United States,NASDAQ,USD,mapped
russell_2500_proxy,CORZ,CORZ,CORE SCIENTIFIC INC,Information Technology,United States,NASDAQ,USD,mapped
russell_2500_proxy,SIGI,SIGI,SELECTIVE INSURANCE GROUP,Financials,United States,NASDAQ,USD,mapped
russell_2500_proxy,RGTI,RGTI,RIGETTI COMPUTING,Information Technology,United States,NASDAQ,USD,mapped
russell_2500_proxy,VSNT,VSNT,VERSANT MEDIA GROUP INC CLASS A,Communication,United States,NASDAQ,USD,mapped
russell_2500_proxy,CAVA,CAVA,CAVA GROUP,Consumer Discretionary,United States,NYSE,USD,mapped
russell_2500_proxy,ACIW,ACIW,ACI WORLDWIDE,Information Technology,United States,NASDAQ,USD,mapped
russell_2500_proxy,KRG,KRG,KITE REALTY GROUP TRUST REIT,Real Estate,United States,NYSE,USD,mapped
russell_2500_proxy,BSY,BSY,BENTLEY SYSTEMS INC CLASS B,Information Technology,United States,NASDAQ,USD,mapped
russell_2500_proxy,CRSP,CRSP,CRISPR THERAPEUTICS AG,Health Care,United States,NASDAQ,USD,mapped
russell_2500_proxy,POWL,POWL,POWELL INDUSTRIES INC,Industrials,United States,NASDAQ,USD,mapped
russell_2500_proxy,SARO,SARO,STANDARDAERO,Industrials,United States,NYSE,USD,mapped
russell_2500_proxy,AGX,AGX,ARGAN,Industrials,United States,NYSE,USD,mapped
russell_2500_proxy,MTRN,MTRN,MATERION,Materials,United States,NYSE,USD,mapped
russell_2500_proxy,CNO,CNO,CNO FINANCIAL GROUP,Financials,United States,NYSE,USD,mapped
russell_2500_proxy,PI,PI,IMPINJ,Information Technology,United States,NASDAQ,USD,mapped
russell_2500_proxy,MUR,MUR,MURPHY OIL CORP,Energy,United States,NYSE,USD,mapped
russell_2500_proxy,WH,WH,WYNDHAM HOTELS RESORTS,Consumer Discretionary,United States,NYSE,USD,mapped
russell_2500_proxy,FND,FND,FLOOR DECOR HOLDINGS CLASS A,Consumer Discretionary,United States,NYSE,USD,mapped
russell_2500_proxy,RLI,RLI,RLI CORP,Financials,United States,NYSE,USD,mapped
russell_2500_proxy,FIG,FIG,FIGMA CLASS A,Information Technology,United States,NYSE,USD,mapped
russell_2500_proxy,SBRA,SBRA,SABRA HEALTH CARE REIT,Real Estate,United States,NASDAQ,USD,mapped
russell_2500_proxy,APPF,APPF,APPFOLIO CLASS A,Information Technology,United States,NASDAQ,USD,mapped
russell_2500_proxy,PIPR,PIPR,PIPER SANDLER COMPANIES,Financials,United States,NYSE,USD,mapped
russell_2500_proxy,GVA,GVA,GRANITE CONSTRUCTION,Industrials,United States,NYSE,USD,mapped
russell_2500_proxy,SIRI,SIRI,SIRIUSXM HOLDINGS,Communication,United States,NASDAQ,USD,mapped
russell_2500_proxy,MMSI,MMSI,MERIT MEDICAL SYSTEMS INC,Health Care,United States,NASDAQ,USD,mapped
russell_2500_proxy,VIRT,VIRT,VIRTU FINANCIAL INC CLASS A,Financials,United States,NYSE,USD,mapped
russell_2500_proxy,CHWY,CHWY,CHEWY INC CLASS A,Consumer Discretionary,United States,NYSE,USD,mapped
russell_2500_proxy,HAE,HAE,HAEMONETICS CORP,Health Care,United States,NYSE,USD,mapped
russell_2500_proxy,Z,Z,ZILLOW GROUP CLASS C,Real Estate,United States,NASDAQ,USD,mapped
russell_2500_proxy,MTN,MTN,VAIL RESORTS,Consumer Discretionary,United States,NYSE,USD,mapped
russell_2500_proxy,CELH,CELH,CELSIUS HOLDINGS,Consumer Staples,United States,NASDAQ,USD,mapped
russell_2500_proxy,DFTX,DFTX,DEFINIUM THERAPEUTICS INC,Health Care,United States,NASDAQ,USD,mapped
russell_2500_proxy,MIDD,MIDD,MIDDLEBY,Industrials,United States,NASDAQ,USD,mapped
russell_2500_proxy,AS,AS,AMER SPORTS INC,Consumer Discretionary,United States,NYSE,USD,mapped
russell_2500_proxy,WTM,WTM,WHITE MOUNTAINS INSURANCE GROUP,Financials,United States,NYSE,USD,mapped
russell_2500_proxy,UEC,UEC,URANIUM ENERGY,Energy,United States,Nyse Mkt Llc,USD,mapped
russell_2500_proxy,GNTX,GNTX,GENTEX,Consumer Discretionary,United States,NASDAQ,USD,mapped
russell_2500_proxy,DK,DK,DELEK US HOLDINGS INC,Energy,United States,NYSE,USD,mapped
russell_2500_proxy,GLNG,GLNG,GOLAR LNG,Energy,Norway,NASDAQ,USD,mapped
russell_2500_proxy,SON,SON,SONOCO PRODUCTS,Materials,United States,NYSE,USD,mapped
russell_2500_proxy,FIGR,FIGR,FIGURE TECHNOLOGY SOLUTIONS CLASS,Financials,United States,NASDAQ,USD,mapped
russell_2500_proxy,VSEC,VSEC,VSE CORP,Industrials,United States,NASDAQ,USD,mapped
russell_2500_proxy,ORKA,ORKA,ORUKA THERAPEUTICS INC,Health Care,United States,NASDAQ,USD,mapped
russell_2500_proxy,PL,PL,PLANET LABS CLASS A,Industrials,United States,NYSE,USD,mapped
russell_2500_proxy,LLYVK,LLYVK,LIBERTY LIVE HOLDINGS INC SERIES C,Communication,United States,NASDAQ,USD,mapped
russell_2500_proxy,OGS,OGS,ONE GAS,Utilities,United States,NYSE,USD,mapped
russell_2500_proxy,BROS,BROS,DUTCH BROS CLASS A,Consumer Discretionary,United States,NYSE,USD,mapped
russell_2500_proxy,PRM,PRM,PERIMETER SOLUTIONS,Materials,United States,NYSE,USD,mapped
russell_2500_proxy,HCC,HCC,WARRIOR MET COAL INC,Materials,United States,NYSE,USD,mapped
russell_2500_proxy,PECO,PECO,PHILLIPS EDISON AND COMPANY,Real Estate,United States,NASDAQ,USD,mapped
russell_2500_proxy,AX,AX,AXOS FINANCIAL,Financials,United States,NYSE,USD,mapped
russell_2500_proxy,MRCY,MRCY,MERCURY SYSTEMS INC,Industrials,United States,NASDAQ,USD,mapped
russell_2500_proxy,VAL,VAL,VALARIS LTD,Energy,United States,NYSE,USD,mapped
russell_2500_proxy,NOVT,NOVT,NOVANTA,Information Technology,United States,NASDAQ,USD,mapped
russell_2500_proxy,CUZ,CUZ,COUSINS PROPERTIES REIT INC,Real Estate,United States,NYSE,USD,mapped
russell_2500_proxy,HASI,HASI,HA SUSTAINABLE INFRASTRUCTURE CAPI,Financials,United States,NYSE,USD,mapped
russell_2500_proxy,LQDA,LQDA,LIQUIDIA,Health Care,United States,NASDAQ,USD,mapped
russell_2500_proxy,GAP,GAP,GAP,Consumer Discretionary,United States,NYSE,USD,mapped
russell_2500_proxy,KBR,KBR,KBR INC,Industrials,United States,NYSE,USD,mapped
russell_2500_proxy,FBIN,FBIN,FORTUNE BRANDS INNOVATIONS,Industrials,United States,NYSE,USD,mapped
russell_2500_proxy,BOX,BOX,BOX INC CLASS A,Information Technology,United States,NYSE,USD,mapped
russell_2500_proxy,RDN,RDN,RADIAN GROUP,Financials,United States,NYSE,USD,mapped
russell_2500_proxy,DNTH,DNTH,DIANTHUS THERAPEUTICS INC,Health Care,United States,NASDAQ,USD,mapped
russell_2500_proxy,SR,SR,SPIRE INC,Utilities,United States,NYSE,USD,mapped
russell_2500_proxy,NXST,NXST,NEXSTAR MEDIA GROUP INC,Communication,United States,NASDAQ,USD,mapped
russell_2500_proxy,OLLI,OLLI,OLLIES BARGAIN OUTLET HOLDINGS,Consumer Discretionary,United States,NASDAQ,USD,mapped
russell_2500_proxy,IBP,IBP,INSTALLED BUILDING PRODUCTS,Consumer Discretionary,United States,NYSE,USD,mapped
russell_2500_proxy,ENPH,ENPH,ENPHASE ENERGY,Information Technology,United States,NASDAQ,USD,mapped
russell_2500_proxy,CNR,CNR,CORE NATURAL RESOURCES,Energy,United States,NYSE,USD,mapped
russell_2500_proxy,WHD,WHD,CACTUS CLASS A,Energy,United States,NYSE,USD,mapped
russell_2500_proxy,SKY,SKY,CHAMPION HOMES INC,Consumer Discretionary,United States,NYSE,USD,mapped
russell_2500_proxy,VFC,VFC,VF CORP,Consumer Discretionary,United States,NYSE,USD,mapped
russell_2500_proxy,MIRM,MIRM,MIRUM PHARMACEUTICALS,Health Care,United States,NASDAQ,USD,mapped
russell_2500_proxy,CSW,CSW,CSW INDUSTRIALS,Industrials,United States,NYSE,USD,mapped
russell_2500_proxy,INSW,INSW,INTERNATIONAL SEAWAYS,Energy,United States,NYSE,USD,mapped
russell_2500_proxy,RYAN,RYAN,RYAN SPECIALTY HOLDINGS CLASS A,Financials,United States,NYSE,USD,mapped
russell_2500_proxy,OII,OII,OCEANEERING INTERNATIONAL INC,Energy,United States,NYSE,USD,mapped
russell_2500_proxy,HRI,HRI,HERC HOLDINGS,Industrials,United States,NYSE,USD,mapped
russell_2500_proxy,CNX,CNX,CNX RESOURCES,Energy,United States,NYSE,USD,mapped
russell_2500_proxy,ALK,ALK,ALASKA AIR GROUP INC,Industrials,United States,NYSE,USD,mapped
russell_2500_proxy,GTX,GTX,GARRETT MOTION,Consumer Discretionary,United States,NASDAQ,USD,mapped
russell_2500_proxy,VNT,VNT,VONTIER,Information Technology,United States,NYSE,USD,mapped
russell_2500_proxy,TREX,TREX,TREX,Industrials,United States,NYSE,USD,mapped
russell_2500_proxy,IRDM,IRDM,IRIDIUM COMMUNICATIONS,Communication,United States,NASDAQ,USD,mapped
russell_2500_proxy,RUSHA,RUSHA,RUSH ENTERPRISES CLASS A,Industrials,United States,NASDAQ,USD,mapped
russell_2500_proxy,MRX,MRX,MAREX GROUP LTD,Financials,Bermuda,NASDAQ,USD,mapped
russell_2500_proxy,MRP,MRP,MILLROSE PROPERTIES INC CLASS A,Real Estate,United States,NYSE,USD,mapped
russell_2500_proxy,ROAD,ROAD,CONSTRUCTION PARTNERS CLASS A,Industrials,United States,NASDAQ,USD,mapped
russell_2500_proxy,UFPI,UFPI,UFP INDUSTRIES,Industrials,United States,NASDAQ,USD,mapped
russell_2500_proxy,BIPC,BIPC,BROOKFIELD INFRASTRUCTURE CORP CLA,Utilities,Canada,NYSE,USD,mapped
russell_2500_proxy,EBC,EBC,EASTERN BANKSHARES INC,Financials,United States,NASDAQ,USD,mapped
russell_2500_proxy,CAKE,CAKE,CHEESECAKE FACTORY INC,Consumer Discretionary,United States,NASDAQ,USD,mapped
russell_2500_proxy,BGC,BGC,BGC GROUP INC CLASS A,Financials,United States,NASDAQ,USD,mapped
russell_2500_proxy,VCTR,VCTR,VICTORY CAPITAL HOLDINGS CLASS A,Financials,United States,NASDAQ,USD,mapped
russell_2500_proxy,BC,BC,BRUNSWICK CORP,Consumer Discretionary,United States,NYSE,USD,mapped
russell_2500_proxy,MARA,MARA,MARA HOLDINGS,Information Technology,United States,NASDAQ,USD,mapped
russell_2500_proxy,OUT,OUT,OUTFRONT MEDIA,Real Estate,United States,NYSE,USD,mapped
russell_2500_proxy,AN,AN,AUTONATION,Consumer Discretionary,United States,NYSE,USD,mapped
russell_2500_proxy,NSIT,NSIT,INSIGHT ENTERPRISES INC,Information Technology,United States,NASDAQ,USD,mapped
russell_2500_proxy,GLXY,GLXY,GALAXY DIGITAL INC CLASS A,Financials,United States,NASDAQ,USD,mapped
russell_2500_proxy,AIR,AIR,AAR,Industrials,United States,NYSE,USD,mapped
russell_2500_proxy,ASB,ASB,ASSOCIATED BANCORP,Financials,United States,NYSE,USD,mapped
russell_2500_proxy,BCO,BCO,BRINKS,Industrials,United States,NYSE,USD,mapped
russell_2500_proxy,GSAT,GSAT,GLOBALSTAR VOTING,Communication,United States,NASDAQ,USD,mapped
russell_2500_proxy,FCN,FCN,FTI CONSULTING,Industrials,United States,NYSE,USD,mapped
russell_2500_proxy,EPR,EPR,EPR PROPERTIES REIT,Real Estate,United States,NYSE,USD,mapped
russell_2500_proxy,PSMT,PSMT,PRICESMART,Consumer Staples,United States,NASDAQ,USD,mapped
russell_2500_proxy,COLD,COLD,AMERICOLD REALTY INC TRUST,Real Estate,United States,NYSE,USD,mapped
russell_2500_proxy,FFIN,FFIN,FIRST FINANCIAL BANKSHARES INC,Financials,United States,NASDAQ,USD,mapped
russell_2500_proxy,XMTR,XMTR,XOMETRY CLASS A,Industrials,United States,NASDAQ,USD,mapped
russell_2500_proxy,URBN,URBN,URBAN OUTFITTERS,Consumer Discretionary,United States,NASDAQ,USD,mapped
russell_2500_proxy,VSH,VSH,VISHAY INTERTECHNOLOGY INC,Information Technology,United States,NYSE,USD,mapped
russell_2500_proxy,LAUR,LAUR,LAUREATE EDUCATION,Consumer Discretionary,United States,NASDAQ,USD,mapped
russell_2500_proxy,BDC,BDC,BELDEN,Information Technology,United States,NYSE,USD,mapped
russell_2500_proxy,ADPT,ADPT,ADAPTIVE BIOTECHNOLOGIES,Health Care,United States,NASDAQ,USD,mapped
russell_2500_proxy,TDW,TDW,TIDEWATER,Energy,United States,NYSE,USD,mapped
russell_2500_proxy,ENVA,ENVA,ENOVA INTERNATIONAL,Financials,United States,NYSE,USD,mapped
russell_2500_proxy,NWE,NWE,NORTHWESTERN ENERGY GROUP,Utilities,United States,NASDAQ,USD,mapped
russell_2500_proxy,FULT,FULT,FULTON FINANCIAL,Financials,United States,NASDAQ,USD,mapped
russell_2500_proxy,LIVN,LIVN,LIVANOVA PLC,Health Care,United States,NASDAQ,USD,mapped
russell_2500_proxy,CVSA,CVSA,COVISTA,Consumer Discretionary,United States,NYSE,USD,mapped
russell_2500_proxy,BILL,BILL,BILL HOLDINGS,Information Technology,United States,NYSE,USD,mapped
russell_2500_proxy,ITGR,ITGR,INTEGER HOLDINGS CORP,Health Care,United States,NYSE,USD,mapped
russell_2500_proxy,MYRG,MYRG,MYR GROUP INC,Industrials,United States,NASDAQ,USD,mapped
russell_2500_proxy,CPB,CPB,CAMPBELL SOUP,Consumer Staples,United States,NASDAQ,USD,mapped
russell_2500_proxy,LPX,LPX,LOUISIANA PACIFIC,Industrials,United States,NYSE,USD,mapped
russell_2500_proxy,MTH,MTH,MERITAGE CORP,Consumer Discretionary,United States,NYSE,USD,mapped
russell_2500_proxy,SFBS,SFBS,SERVISFIRST BANCSHARES INC,Financials,United States,NYSE,USD,mapped
russell_2500_proxy,ALGM,ALGM,ALLEGRO MICROSYSTEMS INC,Information Technology,United States,NASDAQ,USD,mapped
russell_2500_proxy,ACI,ACI,ALBERTSONS COMPANY CLASS A,Consumer Staples,United States,NYSE,USD,mapped
russell_2500_proxy,INDV,INDV,INDIVIOR PHARMACEUTICALS INC,Health Care,United States,NASDAQ,USD,mapped
russell_2500_proxy,KLIC,KLIC,KULICKE AND SOFFA INDUSTRIES INC,Information Technology,United States,NASDAQ,USD,mapped
russell_2500_proxy,PARR,PARR,PAR PACIFIC HOLDINGS,Energy,United States,NYSE,USD,mapped
russell_2500_proxy,NWS,NWS,NEWS CLASS B,Communication,United States,NASDAQ,USD,mapped
russell_2500_proxy,SLM,SLM,SLM CORP,Financials,United States,NASDAQ,USD,mapped
russell_2500_proxy,PRIM,PRIM,PRIMORIS SERVICES,Industrials,United States,NYSE,USD,mapped
russell_2500_proxy,PTEN,PTEN,PATTERSON UTI ENERGY INC,Energy,United States,NASDAQ,USD,mapped
russell_2500_proxy,AXTI,AXTI,AXT,Information Technology,United States,NASDAQ,USD,mapped
russell_2500_proxy,BEPC,BEPC,BROOKFIELD RENEWABLE SUBORDINATE V,Utilities,Canada,NYSE,USD,mapped
russell_2500_proxy,TCBI,TCBI,TEXAS CAPITAL BANCSHARES,Financials,United States,NASDAQ,USD,mapped
russell_2500_proxy,CVCO,CVCO,CAVCO INDUSTRIES,Consumer Discretionary,United States,NASDAQ,USD,mapped
russell_2500_proxy,FBP,FBP,FIRST BANCORP,Financials,United States,NYSE,USD,mapped
russell_2500_proxy,DIOD,DIOD,DIODES,Information Technology,United States,NASDAQ,USD,mapped
russell_2500_proxy,CON,CON,CONCENTRA GROUP HOLDINGS PARENT IN,Health Care,United States,NYSE,USD,mapped
russell_2500_proxy,JOBY,JOBY,JOBY AVIATION CLASS A,Industrials,United States,NYSE,USD,mapped
russell_2500_proxy,CATY,CATY,CATHAY GENERAL BANCORP,Financials,United States,NASDAQ,USD,mapped
russell_2500_proxy,MORN,MORN,MORNINGSTAR,Financials,United States,NASDAQ,USD,mapped
russell_2500_proxy,TENB,TENB,TENABLE HOLDINGS,Information Technology,United States,NASDAQ,USD,mapped
russell_2500_proxy,KRC,KRC,KILROY REALTY REIT,Real Estate,United States,NYSE,USD,mapped
russell_2500_proxy,ADT,ADT,ADT INC,Consumer Discretionary,United States,NYSE,USD,mapped
russell_2500_proxy,GEO,GEO,GEO GROUP,Industrials,United States,NYSE,USD,mapped
russell_2500_proxy,KFY,KFY,KORN FERRY,Industrials,United States,NYSE,USD,mapped
russell_2500_proxy,WSFS,WSFS,WSFS FINANCIAL,Financials,United States,NASDAQ,USD,mapped
russell_2500_proxy,CHEF,CHEF,CHEFS WAREHOUSE INC,Consumer Staples,United States,NASDAQ,USD,mapped
russell_2500_proxy,STNG,STNG,SCORPIO TANKERS,Energy,United States,NYSE,USD,mapped
russell_2500_proxy,CLMT,CLMT,CALUMET,Energy,United States,NASDAQ,USD,mapped
russell_2500_proxy,HP,HP,HELMERICH & PAYNE,Energy,United States,NYSE,USD,mapped
russell_2500_proxy,ITRI,ITRI,ITRON,Information Technology,United States,NASDAQ,USD,mapped
russell_2500_proxy,MKTX,MKTX,MARKETAXESS HOLDINGS,Financials,United States,NASDAQ,USD,mapped
russell_2500_proxy,LOPE,LOPE,GRAND CANYON EDUCATION INC,Consumer Discretionary,United States,NASDAQ,USD,mapped
russell_2500_proxy,CBT,CBT,CABOT CORP,Materials,United States,NYSE,USD,mapped
russell_2500_proxy,CDP,CDP,COPT DEFENSE PROPERTIES,Real Estate,United States,NYSE,USD,mapped
russell_2500_proxy,PLNT,PLNT,PLANET FITNESS INC CLASS A,Consumer Discretionary,United States,NYSE,USD,mapped
russell_2500_proxy,JBS,JBS,JBS N V NV CLASS A,Consumer Staples,Brazil,NYSE,USD,mapped
russell_2500_proxy,JHX,JHX,JAMES HARDIE INDUSTRIES PLC,Materials,Australia,NYSE,USD,mapped
russell_2500_proxy,SPHR,SPHR,SPHERE ENTERTAINMENT CLASS A,Communication,United States,NYSE,USD,mapped
russell_2500_proxy,SIG,SIG,SIGNET JEWELERS,Consumer Discretionary,United States,NYSE,USD,mapped
russell_2500_proxy,MAT,MAT,MATTEL INC,Consumer Discretionary,United States,NASDAQ,USD,mapped
russell_2500_proxy,AZZ,AZZ,AZZ INC,Industrials,United States,NYSE,USD,mapped
russell_2500_proxy,INDB,INDB,INDEPENDENT BANK CORP,Financials,United States,NASDAQ,USD,mapped
russell_2500_proxy,CRC,CRC,CALIFORNIA RESOURCES,Energy,United States,NYSE,USD,mapped
russell_2500_proxy,SKT,SKT,TANGER,Real Estate,United States,NYSE,USD,mapped
russell_2500_proxy,SITE,SITE,SITEONE LANDSCAPE SUPPLY INC,Industrials,United States,NYSE,USD,mapped
russell_2500_proxy,HTFL,HTFL,HEARTFLOW,Health Care,United States,NASDAQ,USD,mapped
russell_2500_proxy,IOVA,IOVA,IOVANCE BIOTHERAPEUTICS INC,Health Care,United States,NASDAQ,USD,mapped
russell_2500_proxy,IBOC,IBOC,INTERNATIONAL BANCSHARES CORP,Financials,United States,NASDAQ,USD,mapped
russell_2500_proxy,PAG,PAG,PENSKE AUTOMOTIVE GROUP VOTING INC,Consumer Discretionary,United States,NYSE,USD,mapped
russell_2500_proxy,HNGE,HNGE,HINGE HEALTH CLASS A,Health Care,United States,NYSE,USD,mapped
russell_2500_proxy,NVST,NVST,ENVISTA HOLDINGS,Health Care,United States,NYSE,USD,mapped
russell_2500_proxy,MDU,MDU,MDU RESOURCES GROUP,Utilities,United States,NYSE,USD,mapped
russell_2500_proxy,UCB,UCB,UNITED COMMUNITY BANKS INC,Financials,United States,NYSE,USD,mapped
russell_2500_proxy,TPC,TPC,TUTOR PERINI,Industrials,United States,NYSE,USD,mapped
russell_2500_proxy,CAI,CAI,CARIS LIFE SCIENCES,Health Care,United States,NASDAQ,USD,mapped
russell_2500_proxy,ESAB,ESAB,ESAB CORP,Industrials,United States,NYSE,USD,mapped
russell_2500_proxy,MIR,MIR,MIRION TECHNOLOGIES CLASS A,Information Technology,United States,NYSE,USD,mapped
russell_2500_proxy,FLG,FLG,FLAGSTAR BANK NATIONAL ASSOCIATION,Financials,United States,NYSE,USD,mapped
russell_2500_proxy,OPCH,OPCH,OPTION CARE HEALTH INC,Health Care,United States,NASDAQ,USD,mapped
russell_2500_proxy,BYD,BYD,BOYD GAMING,Consumer Discretionary,United States,NYSE,USD,mapped
russell_2500_proxy,RHI,RHI,ROBERT HALF,Industrials,United States,NYSE,USD,mapped
russell_2500_proxy,TNL,TNL,TRAVEL LEISURE,Consumer Discretionary,United States,NYSE,USD,mapped
russell_2500_proxy,HLNE,HLNE,HAMILTON LANE CLASS A,Financials,United States,NASDAQ,USD,mapped
russell_2500_proxy,UNF,UNF,UNIFIRST,Industrials,United States,NYSE,USD,mapped
russell_2500_proxy,CVBF,CVBF,CVB FINANCIAL CORP,Financials,United States,NASDAQ,USD,mapped
russell_2500_proxy,SKYW,SKYW,SKYWEST,Industrials,United States,NASDAQ,USD,mapped
russell_2500_proxy,CWEN,CWEN,CLEARWAY ENERGY INC CLASS C,Utilities,United States,NYSE,USD,mapped
russell_2500_proxy,YOU,YOU,CLEAR SECURE CLASS A,Information Technology,United States,NYSE,USD,mapped
russell_2500_proxy,WK,WK,WORKIVA CLASS A,Information Technology,United States,NYSE,USD,mapped
russell_2500_proxy,SLG,SLG,SL GREEN REALTY REIT CORP,Real Estate,United States,NYSE,USD,mapped
russell_2500_proxy,BOOT,BOOT,BOOT BARN HOLDINGS,Consumer Discretionary,United States,NYSE,USD,mapped
russell_2500_proxy,PJT,PJT,PJT PARTNERS CLASS A,Financials,United States,NYSE,USD,mapped
russell_2500_proxy,AVNT,AVNT,AVIENT CORP,Materials,United States,NYSE,USD,mapped
russell_2500_proxy,BMI,BMI,BADGER METER,Information Technology,United States,NYSE,USD,mapped
russell_2500_proxy,FSLY,FSLY,FASTLY CLASS A,Information Technology,United States,NASDAQ,USD,mapped
russell_2500_proxy,BNL,BNL,BROADSTONE NET LEASE,Real Estate,United States,NYSE,USD,mapped
russell_2500_proxy,ICUI,ICUI,ICU MEDICAL,Health Care,United States,NASDAQ,USD,mapped
russell_2500_proxy,RNST,RNST,RENASANT CORP,Financials,United States,NYSE,USD,mapped
russell_2500_proxy,ATMU,ATMU,ATMUS FILTRATION TECHNOLOGIES,Industrials,United States,NYSE,USD,mapped
russell_2500_proxy,GNW,GNW,GENWORTH FINANCIAL INC,Financials,United States,NYSE,USD,mapped
russell_2500_proxy,OGN,OGN,ORGANON,Health Care,United States,NYSE,USD,mapped
russell_2500_proxy,CECO,CECO,CECO ENVIRONMENTAL,Industrials,United States,NASDAQ,USD,mapped
russell_2500_proxy,CCC,CCC,CCC INTELLIGENT SOLUTIONS HOLDINGS,Information Technology,United States,NASDAQ,USD,mapped
russell_2500_proxy,AUGO,AUGO,AURA MINERALS INC,Materials,Brazil,NASDAQ,USD,mapped
russell_2500_proxy,STEP,STEP,STEPSTONE GROUP CLASS A,Financials,United States,NASDAQ,USD,mapped
russell_2500_proxy,MGNI,MGNI,MAGNITE,Communication,United States,NASDAQ,USD,mapped
russell_2500_proxy,SEI,SEI,SOLARIS ENERGY INFRASTRUCTURE INC,Energy,United States,NYSE,USD,mapped
russell_2500_proxy,ABG,ABG,ASBURY AUTOMOTIVE GROUP INC,Consumer Discretionary,United States,NYSE,USD,mapped
russell_2500_proxy,QTWO,QTWO,Q2 HOLDINGS INC,Information Technology,United States,NYSE,USD,mapped
russell_2500_proxy,IRTC,IRTC,IRHYTHM HOLDINGS INC,Health Care,United States,NASDAQ,USD,mapped
russell_2500_proxy,FELE,FELE,FRANKLIN ELECTRIC,Industrials,United States,NASDAQ,USD,mapped
russell_2500_proxy,CNK,CNK,CINEMARK HOLDINGS INC,Communication,United States,NYSE,USD,mapped
russell_2500_proxy,WSBC,WSBC,WESBANCO,Financials,United States,NASDAQ,USD,mapped
russell_2500_proxy,CRGY,CRGY,CRESCENT ENERGY CLASS A,Energy,United States,NYSE,USD,mapped
russell_2500_proxy,BF B,BF-B,BROWN FORMAN CLASS B,Consumer Staples,United States,NYSE,USD,mapped
russell_2500_proxy,DAVE,DAVE,DAVE CLASS A,Financials,United States,NASDAQ,USD,mapped
russell_2500_proxy,GHC,GHC,GRAHAM HOLDINGS COMPANY CLASS B,Consumer Discretionary,United States,NYSE,USD,mapped
russell_2500_proxy,ACMR,ACMR,ACM RESEARCH CLASS A,Information Technology,United States,NASDAQ,USD,mapped
russell_2500_proxy,OPLN,OPLN,OPENLANE,Industrials,United States,NYSE,USD,mapped
russell_2500_proxy,PLMR,PLMR,PALOMAR HOLDINGS,Financials,United States,NASDAQ,USD,mapped
russell_2500_proxy,KTB,KTB,KONTOOR BRANDS,Consumer Discretionary,United States,NYSE,USD,mapped
russell_2500_proxy,IRT,IRT,INDEPENDENCE REALTY,Real Estate,United States,NYSE,USD,mapped
russell_2500_proxy,ACHR,ACHR,ARCHER AVIATION CLASS A,Industrials,United States,NYSE,USD,mapped
russell_2500_proxy,TDS,TDS,TELEPHONE AND DATA SYSTEMS,Communication,United States,NYSE,USD,mapped
russell_2500_proxy,MHO,MHO,M I HOMES INC,Consumer Discretionary,United States,NYSE,USD,mapped
russell_2500_proxy,LXP,LXP,LXP INDUSTRIAL TRUST,Real Estate,United States,NYSE,USD,mapped
russell_2500_proxy,THO,THO,THOR INDUSTRIES,Consumer Discretionary,United States,NYSE,USD,mapped
russell_2500_proxy,BFAM,BFAM,BRIGHT HORIZONS FAMILY SOLUTIONS,Consumer Discretionary,United States,NYSE,USD,mapped
russell_2500_proxy,GFF,GFF,GRIFFON,Industrials,United States,NYSE,USD,mapped
russell_2500_proxy,ONDS,ONDS,ONDAS INC,Information Technology,United States,NASDAQ,USD,mapped
russell_2500_proxy,DLB,DLB,DOLBY LABORATORIES CLASS A,Information Technology,United States,NYSE,USD,mapped
russell_2500_proxy,VVV,VVV,VALVOLINE,Consumer Discretionary,United States,NYSE,USD,mapped
russell_2500_proxy,DOCS,DOCS,DOXIMITY CLASS A,Health Care,United States,NYSE,USD,mapped
russell_2500_proxy,CSTM,CSTM,CONSTELLIUM SE CLASS A,Materials,United States,NYSE,USD,mapped
russell_2500_proxy,SYNA,SYNA,SYNAPTICS,Information Technology,United States,NASDAQ,USD,mapped
russell_2500_proxy,BBWI,BBWI,BATH AND BODY WORKS,Consumer Discretionary,United States,NYSE,USD,mapped
russell_2500_proxy,ACAD,ACAD,ACADIA PHARMACEUTICALS,Health Care,United States,NASDAQ,USD,mapped
russell_2500_proxy,AMLX,AMLX,AMYLYX PHARMACEUTICALS,Health Care,United States,NASDAQ,USD,mapped
russell_2500_proxy,APLE,APLE,APPLE HOSPITALITY REIT INC,Real Estate,United States,NYSE,USD,mapped
russell_2500_proxy,CXW,CXW,CORECIVIC REIT,Industrials,United States,NYSE,USD,mapped
russell_2500_proxy,LMND,LMND,LEMONADE INC,Financials,United States,NYSE,USD,mapped
russell_2500_proxy,SLGN,SLGN,SILGAN HOLDINGS,Materials,United States,NYSE,USD,mapped
russell_2500_proxy,OTTR,OTTR,OTTER TAIL,Utilities,United States,NASDAQ,USD,mapped
russell_2500_proxy,VGNT,VGNT,VERSIGENT PLC,Consumer Discretionary,United States,NYSE,USD,mapped
russell_2500_proxy,PVH,PVH,PVH,Consumer Discretionary,United States,NYSE,USD,mapped
russell_2500_proxy,OLED,OLED,UNIVERSAL DISPLAY CORP,Information Technology,United States,NASDAQ,USD,mapped
russell_2500_proxy,AWR,AWR,AMERICAN STATES WATER,Utilities,United States,NYSE,USD,mapped
russell_2500_proxy,DORM,DORM,DORMAN PRODUCTS,Consumer Discretionary,United States,NASDAQ,USD,mapped
russell_2500_proxy,HIW,HIW,HIGHWOODS PROPERTIES REIT,Real Estate,United States,NYSE,USD,mapped
russell_2500_proxy,MWA,MWA,MUELLER WATER PRODUCTS SERIES A,Industrials,United States,NYSE,USD,mapped
russell_2500_proxy,LRN,LRN,STRIDE INC,Consumer Discretionary,United States,NYSE,USD,mapped
russell_2500_proxy,DAN,DAN,DANA INCORPORATED INC,Consumer Discretionary,United States,NYSE,USD,mapped
russell_2500_proxy,RELY,RELY,REMITLY GLOBAL,Financials,United States,NASDAQ,USD,mapped
russell_2500_proxy,VKTX,VKTX,VIKING THERAPEUTICS,Health Care,United States,NASDAQ,USD,mapped
russell_2500_proxy,MC,MC,MOELIS CLASS A,Financials,United States,NYSE,USD,mapped
russell_2500_proxy,FRHC,FRHC,FREEDOM HOLDING CORP,Financials,United States,NASDAQ,USD,mapped
russell_2500_proxy,NATL,NATL,NCR ATLEOS,Financials,United States,NYSE,USD,mapped
russell_2500_proxy,FIBK,FIBK,FIRST INTERSTATE BANCSYSTEM,Financials,United States,NASDAQ,USD,mapped
russell_2500_proxy,CLSK,CLSK,CLEANSPARK,Information Technology,United States,NASDAQ,USD,mapped
russell_2500_proxy,FFBC,FFBC,FIRST FINANCIAL BANCORP,Financials,United States,NASDAQ,USD,mapped
russell_2500_proxy,ERAS,ERAS,ERASCA,Health Care,United States,NASDAQ,USD,mapped
russell_2500_proxy,BTU,BTU,PEABODY ENERGY CORP,Energy,United States,NYSE,USD,mapped
russell_2500_proxy,RXO,RXO,RXO INC,Industrials,United States,NYSE,USD,mapped
russell_2500_proxy,NHI,NHI,NATIONAL HEALTH INVESTORS REIT,Real Estate,United States,NYSE,USD,mapped
russell_2500_proxy,SFNC,SFNC,SIMMONS FIRST NATIONAL CLASS A,Financials,United States,NASDAQ,USD,mapped
russell_2500_proxy,DHT,DHT,DHT HOLDINGS,Energy,Bermuda,NYSE,USD,mapped
russell_2500_proxy,HNI,HNI,HNI,Industrials,United States,NYSE,USD,mapped
russell_2500_proxy,EWTX,EWTX,EDGEWISE THERAPEUTICS,Health Care,United States,NASDAQ,USD,mapped
russell_2500_proxy,KNSA,KNSA,KINIKSA PHARMACEUTICALS INTERNATIO,Health Care,United States,NASDAQ,USD,mapped
russell_2500_proxy,EXPO,EXPO,EXPONENT,Industrials,United States,NASDAQ,USD,mapped
russell_2500_proxy,WSC,WSC,WILLSCOT HOLDINGS CLASS A,Industrials,United States,NASDAQ,USD,mapped
russell_2500_proxy,NMIH,NMIH,NMI HOLDINGS,Financials,United States,NASDAQ,USD,mapped
russell_2500_proxy,FHB,FHB,FIRST HAWAIIAN,Financials,United States,NASDAQ,USD,mapped
russell_2500_proxy,CBU,CBU,COMMUNITY FINANCIAL SYSTEM INC,Financials,United States,NYSE,USD,mapped
russell_2500_proxy,TOWN,TOWN,TOWNEBANK,Financials,United States,NASDAQ,USD,mapped
russell_2500_proxy,TTAN,TTAN,SERVICETITAN CLASS A,Information Technology,United States,NASDAQ,USD,mapped
russell_2500_proxy,NIC,NIC,NICOLET BANKSHARES INC,Financials,United States,NYSE,USD,mapped
russell_2500_proxy,GRAL,GRAL,GRAIL INC,Health Care,United States,NASDAQ,USD,mapped
russell_2500_proxy,TNGX,TNGX,TANGO THERAPEUTICS,Health Care,United States,NASDAQ,USD,mapped
russell_2500_proxy,TARS,TARS,TARSUS PHARMACEUTICALS,Health Care,United States,NASDAQ,USD,mapped
russell_2500_proxy,PEGA,PEGA,PEGASYSTEMS,Information Technology,United States,NASDAQ,USD,mapped
russell_2500_proxy,SBCF,SBCF,SEACOAST BANKING OF FLORIDA,Financials,United States,NASDAQ,USD,mapped
russell_2500_proxy,ACLS,ACLS,AXCELIS TECHNOLOGIES,Information Technology,United States,NASDAQ,USD,mapped
russell_2500_proxy,VCYT,VCYT,VERACYTE,Health Care,United States,NASDAQ,USD,mapped
russell_2500_proxy,CALM,CALM,CAL MAINE FOODS,Consumer Staples,United States,NASDAQ,USD,mapped
russell_2500_proxy,IBRX,IBRX,IMMUNITYBIO,Health Care,United States,NASDAQ,USD,mapped
russell_2500_proxy,CELC,CELC,CELCUITY,Health Care,United States,NASDAQ,USD,mapped
russell_2500_proxy,POST,POST,POST HOLDINGS,Consumer Staples,United States,NYSE,USD,mapped
russell_2500_proxy,ASO,ASO,ACADEMY SPORTS AND OUTDOORS,Consumer Discretionary,United States,NASDAQ,USD,mapped
russell_2500_proxy,ATKR,ATKR,ATKORE,Industrials,United States,NYSE,USD,mapped
russell_2500_proxy,ASH,ASH,ASHLAND,Materials,United States,NYSE,USD,mapped
russell_2500_proxy,IDYA,IDYA,IDEAYA BIOSCIENCES,Health Care,United States,NASDAQ,USD,mapped
russell_2500_proxy,AMTM,AMTM,AMENTUM HOLDINGS,Industrials,United States,NYSE,USD,mapped
russell_2500_proxy,IMVT,IMVT,IMMUNOVANT,Health Care,United States,NASDAQ,USD,mapped
russell_2500_proxy,LGN,LGN,LEGENCE CLASS A,Industrials,United States,NASDAQ,USD,mapped
russell_2500_proxy,OSIS,OSIS,OSI SYSTEMS,Information Technology,United States,NASDAQ,USD,mapped
russell_2500_proxy,KAI,KAI,KADANT INC,Industrials,United States,NYSE,USD,mapped
russell_2500_proxy,YETI,YETI,YETI HOLDINGS,Consumer Discretionary,United States,NYSE,USD,mapped
russell_2500_proxy,ALM,ALM,ALMONTY INDUSTRIES,Materials,Canada,NASDAQ,USD,mapped
russell_2500_proxy,KNF,KNF,KNIFE RIVER CORP,Materials,United States,NYSE,USD,mapped
russell_2500_proxy,MMS,MMS,MAXIMUS,Industrials,United States,NYSE,USD,mapped
russell_2500_proxy,SXI,SXI,STANDEX INTERNATIONAL CORP,Industrials,United States,NYSE,USD,mapped
russell_2500_proxy,BWIN,BWIN,BALDWIN INSURANCE GROUP CLASS A,Financials,United States,NASDAQ,USD,mapped
russell_2500_proxy,AMRX,AMRX,AMNEAL PHARMACEUTICALS INC CLASS A,Health Care,United States,NASDAQ,USD,mapped
russell_2500_proxy,CPK,CPK,CHESAPEAKE UTILITIES,Utilities,United States,NYSE,USD,mapped
russell_2500_proxy,AGO,AGO,ASSURED GUARANTY LTD,Financials,United States,NYSE,USD,mapped
russell_2500_proxy,UUUU,UUUU,ENERGY FUELS,Energy,Canada,Nyse Mkt Llc,USD,mapped
russell_2500_proxy,FRPT,FRPT,FRESHPET,Consumer Staples,United States,NASDAQ,USD,mapped
russell_2500_proxy,AVA,AVA,AVISTA,Utilities,United States,NYSE,USD,mapped
russell_2500_proxy,PII,PII,POLARIS INC,Consumer Discretionary,United States,NYSE,USD,mapped
russell_2500_proxy,RLAY,RLAY,RELAY THERAPEUTICS,Health Care,United States,NASDAQ,USD,mapped
russell_2500_proxy,PRK,PRK,PARK NATIONAL CORP,Financials,United States,Nyse Mkt Llc,USD,mapped
russell_2500_proxy,CLBK,CLBK,COLUMBIA FINANCIAL INC,Financials,United States,NASDAQ,USD,mapped
russell_2500_proxy,WT,WT,WISDOMTREE,Financials,United States,NYSE,USD,mapped
russell_2500_proxy,LBRT,LBRT,LIBERTY ENERGY CLASS A,Energy,United States,NYSE,USD,mapped
russell_2500_proxy,MSGE,MSGE,MADISON SQUARE GARDEN ENTERTAINMEN,Communication,United States,NYSE,USD,mapped
russell_2500_proxy,BKU,BKU,BANKUNITED,Financials,United States,NYSE,USD,mapped
russell_2500_proxy,SHOO,SHOO,STEVEN MADDEN,Consumer Discretionary,United States,NASDAQ,USD,mapped
russell_2500_proxy,SDRL,SDRL,SEADRILL,Energy,United States,NYSE,USD,mapped
russell_2500_proxy,CLDX,CLDX,CELLDEX THERAPEUTICS,Health Care,United States,NASDAQ,USD,mapped
russell_2500_proxy,UCTT,UCTT,ULTRA CLEAN HOLDINGS INC,Information Technology,United States,NASDAQ,USD,mapped
russell_2500_proxy,KN,KN,KNOWLES,Information Technology,United States,NYSE,USD,mapped
russell_2500_proxy,USAR,USAR,USA RARE EARTH CLASS A,Materials,United States,NASDAQ,USD,mapped
russell_2500_proxy,ARQT,ARQT,ARCUTIS BIOTHERAPEUTICS,Health Care,United States,NASDAQ,USD,mapped
russell_2500_proxy,SPSC,SPSC,SPS COMMERCE,Information Technology,United States,NASDAQ,USD,mapped
russell_2500_proxy,GPI,GPI,GROUP AUTOMOTIVE INC,Consumer Discretionary,United States,NYSE,USD,mapped
russell_2500_proxy,KBH,KBH,KB HOME,Consumer Discretionary,United States,NYSE,USD,mapped
russell_2500_proxy,CWK,CWK,CUSHMAN AND WAKEFIELD LTD,Real Estate,United States,NYSE,USD,mapped
russell_2500_proxy,DNOW,DNOW,DNOW,Industrials,United States,NYSE,USD,mapped
russell_2500_proxy,KD,KD,KYNDRYL HOLDINGS,Information Technology,United States,NYSE,USD,mapped
russell_2500_proxy,WAY,WAY,WAYSTAR HOLDING,Health Care,United States,NASDAQ,USD,mapped
russell_2500_proxy,GPK,GPK,GRAPHIC PACKAGING HOLDING,Materials,United States,NYSE,USD,mapped
russell_2500_proxy,TMDX,TMDX,TRANSMEDICS GROUP,Health Care,United States,NASDAQ,USD,mapped
russell_2500_proxy,DNLI,DNLI,DENALI THERAPEUTICS,Health Care,United States,NASDAQ,USD,mapped
russell_2500_proxy,VAC,VAC,MARRIOTT VACATIONS WORLDWIDE,Consumer Discretionary,United States,NYSE,USD,mapped
russell_2500_proxy,ATRC,ATRC,ATRICURE,Health Care,United States,NASDAQ,USD,mapped
russell_2500_proxy,ABM,ABM,ABM INDUSTRIES INC,Industrials,United States,NYSE,USD,mapped
russell_2500_proxy,BHF,BHF,BRIGHTHOUSE FINANCIAL,Financials,United States,NASDAQ,USD,mapped
russell_2500_proxy,WING,WING,WINGSTOP,Consumer Discretionary,United States,NASDAQ,USD,mapped
russell_2500_proxy,SMR,SMR,NUSCALE POWER CORP CLASS A,Industrials,United States,NYSE,USD,mapped
russell_2500_proxy,NHC,NHC,NATIONAL HEALTHCARE CORP,Health Care,United States,Nyse Mkt Llc,USD,mapped
russell_2500_proxy,LOAR,LOAR,LOAR HOLDINGS,Industrials,United States,NYSE,USD,mapped
russell_2500_proxy,BELFB,BELFB,BEL FUSE CLASS B,Information Technology,United States,NASDAQ,USD,mapped
russell_2500_proxy,OZK,OZK,BANK OZK,Financials,United States,NASDAQ,USD,mapped
russell_2500_proxy,ARCB,ARCB,ARCBEST,Industrials,United States,NASDAQ,USD,mapped
russell_2500_proxy,PLUG,PLUG,PLUG POWER,Industrials,United States,NASDAQ,USD,mapped
russell_2500_proxy,CWT,CWT,CALIFORNIA WATER SERVICE GROUP,Utilities,United States,NYSE,USD,mapped
russell_2500_proxy,EXTR,EXTR,EXTREME NETWORKS,Information Technology,United States,NASDAQ,USD,mapped
russell_2500_proxy,MIAX,MIAX,MIAMI INTERNATIONAL HOLDINGS,Financials,United States,NYSE,USD,mapped
russell_2500_proxy,PFS,PFS,PROVIDENT FINANCIAL SERVICES INC,Financials,United States,NYSE,USD,mapped
russell_2500_proxy,DRS,DRS,LEONARDO DRS INC,Industrials,United States,NASDAQ,USD,mapped
russell_2500_proxy,NTCT,NTCT,NETSCOUT SYSTEMS,Information Technology,United States,NASDAQ,USD,mapped
russell_2500_proxy,DBRG,DBRG,DIGITALBRIDGE GROUP INC CLASS A,Financials,United States,NYSE,USD,mapped
russell_2500_proxy,PK,PK,PARK HOTELS RESORTS INC,Real Estate,United States,NYSE,USD,mapped
russell_2500_proxy,CENX,CENX,CENTURY ALUMINUM,Materials,United States,NASDAQ,USD,mapped
russell_2500_proxy,AMBA,AMBA,AMBARELLA,Information Technology,United States,NASDAQ,USD,mapped
russell_2500_proxy,MCY,MCY,MERCURY GENERAL,Financials,United States,NYSE,USD,mapped
russell_2500_proxy,CURB,CURB,CURBLINE PROPERTIES,Real Estate,United States,NYSE,USD,mapped
russell_2500_proxy,NEOG,NEOG,NEOGEN,Health Care,United States,NASDAQ,USD,mapped
russell_2500_proxy,UNFI,UNFI,UNITED NATURAL FOODS INC,Consumer Staples,United States,NYSE,USD,mapped
russell_2500_proxy,CHH,CHH,CHOICE HOTELS INTERNATIONAL,Consumer Discretionary,United States,NYSE,USD,mapped
russell_2500_proxy,TDC,TDC,TERADATA,Information Technology,United States,NYSE,USD,mapped
russell_2500_proxy,FUL,FUL,HB FULLER,Materials,United States,NYSE,USD,mapped
russell_2500_proxy,LEU,LEU,CENTRUS ENERGY CLASS A,Energy,United States,NYSE,USD,mapped
russell_2500_proxy,CDNA,CDNA,CAREDX,Health Care,United States,NASDAQ,USD,mapped
russell_2500_proxy,ADEA,ADEA,ADEIA,Information Technology,United States,NASDAQ,USD,mapped
russell_2500_proxy,KNTK,KNTK,KINETIK HOLDINGS CLASS A,Energy,United States,NYSE,USD,mapped
russell_2500_proxy,MGEE,MGEE,MGE ENERGY,Utilities,United States,NASDAQ,USD,mapped
russell_2500_proxy,BOH,BOH,BANK OF HAWAII,Financials,United States,NYSE,USD,mapped
russell_2500_proxy,HAYW,HAYW,HAYWARD HOLDINGS,Industrials,United States,NYSE,USD,mapped
russell_2500_proxy,AEHR,AEHR,AEHR TEST SYSTEMS,Information Technology,United States,NASDAQ,USD,mapped
russell_2500_proxy,BKD,BKD,BROOKDALE SENIOR LIVING INC,Health Care,United States,NYSE,USD,mapped
russell_2500_proxy,MGRC,MGRC,MCGRATH RENT,Industrials,United States,NASDAQ,USD,mapped
russell_2500_proxy,COCO,COCO,THE VITA COCO COMPANY,Consumer Staples,United States,NASDAQ,USD,mapped
russell_2500_proxy,POWI,POWI,POWER INTEGRATIONS,Information Technology,United States,NASDAQ,USD,mapped
russell_2500_proxy,BCC,BCC,BOISE CASCADE,Industrials,United States,NYSE,USD,mapped
russell_2500_proxy,FRSH,FRSH,FRESHWORKS CLASS A,Information Technology,United States,NASDAQ,USD,mapped
russell_2500_proxy,DX,DX,DYNEX CAPITAL REIT,Financials,United States,NYSE,USD,mapped
russell_2500_proxy,DGII,DGII,DIGI INTERNATIONAL,Information Technology,United States,NASDAQ,USD,mapped
russell_2500_proxy,DYN,DYN,DYNE THERAPEUTICS,Health Care,United States,NASDAQ,USD,mapped
russell_2500_proxy,VC,VC,VISTEON,Consumer Discretionary,United States,NASDAQ,USD,mapped
russell_2500_proxy,MAN,MAN,MANPOWER,Industrials,United States,NYSE,USD,mapped
russell_2500_proxy,LINE,LINE,LINEAGE,Real Estate,United States,NASDAQ,USD,mapped
russell_2500_proxy,AGYS,AGYS,AGILYSYS INC,Information Technology,United States,NASDAQ,USD,mapped
russell_2500_proxy,BHE,BHE,BENCHMARK ELECTRONICS INC,Information Technology,United States,NYSE,USD,mapped
russell_2500_proxy,CBZ,CBZ,CBIZ,Industrials,United States,NYSE,USD,mapped
russell_2500_proxy,FRME,FRME,FIRST MERCHANTS,Financials,United States,NASDAQ,USD,mapped
russell_2500_proxy,ACHC,ACHC,ACADIA HEALTHCARE COMPANY,Health Care,United States,NASDAQ,USD,mapped
russell_2500_proxy,BOKF,BOKF,BOK FINANCIAL CORP,Financials,United States,NASDAQ,USD,mapped
russell_2500_proxy,PENG,PENG,PENGUIN SOLUTIONS INC,Information Technology,United States,NASDAQ,USD,mapped
russell_2500_proxy,LAZ,LAZ,LAZARD,Financials,United States,NYSE,USD,mapped
russell_2500_proxy,QS,QS,QUANTUMSCAPE CLASS A,Consumer Discretionary,United States,NASDAQ,USD,mapped
russell_2500_proxy,NOG,NOG,NORTHERN OIL AND GAS,Energy,United States,NYSE,USD,mapped
russell_2500_proxy,NBTB,NBTB,NBT BANCORP,Financials,United States,NASDAQ,USD,mapped
russell_2500_proxy,AKR,AKR,ACADIA REALTY TRUST REIT,Real Estate,United States,NYSE,USD,mapped
russell_2500_proxy,FIVN,FIVN,FIVE9,Information Technology,United States,NASDAQ,USD,mapped
russell_2500_proxy,NEO,NEO,NEOGENOMICS,Health Care,United States,NASDAQ,USD,mapped
russell_2500_proxy,ALRM,ALRM,ALARM.COM HOLDINGS,Information Technology,United States,NASDAQ,USD,mapped
russell_2500_proxy,LFST,LFST,LIFESTANCE HEALTH GROUP,Health Care,United States,NASDAQ,USD,mapped
russell_2500_proxy,TRMK,TRMK,TRUSTMARK,Financials,United States,NASDAQ,USD,mapped
russell_2500_proxy,HURN,HURN,HURON CONSULTING GROUP,Industrials,United States,NASDAQ,USD,mapped
russell_2500_proxy,UE,UE,URBAN EDGE PROPERTIES,Real Estate,United States,NYSE,USD,mapped
russell_2500_proxy,BULL,BULL,WEBULL CORP CLASS A,Financials,United States,NASDAQ,USD,mapped
russell_2500_proxy,RSI,RSI,RUSH STREET INTERACTIVE CLASS A,Consumer Discretionary,United States,NYSE,USD,mapped
russell_2500_proxy,WDFC,WDFC,WD-40,Consumer Staples,United States,NASDAQ,USD,mapped
russell_2500_proxy,COHU,COHU,COHU,Information Technology,United States,NASDAQ,USD,mapped
russell_2500_proxy,BANC,BANC,BANC OF CALIFORNIA,Financials,United States,NYSE,USD,mapped
russell_2500_proxy,NG,NG,NOVAGOLD RESOURCES INC,Materials,Canada,Nyse Mkt Llc,USD,mapped
russell_2500_proxy,AAMI,AAMI,ACADIAN ASSET MANAGEMENT,Financials,United States,NYSE,USD,mapped
russell_2500_proxy,AAP,AAP,ADVANCE AUTO PARTS INC,Consumer Discretionary,United States,NYSE,USD,mapped
russell_2500_proxy,GPOR,GPOR,GULFPORT ENERGY,Energy,United States,NYSE,USD,mapped
russell_2500_proxy,BBT,BBT,BEACON FINANCIAL,Financials,United States,NYSE,USD,mapped
russell_2500_proxy,FBNC,FBNC,FIRST BANCORP,Financials,United States,NASDAQ,USD,mapped
russell_2500_proxy,KALU,KALU,KAISER ALUMINIUM,Materials,United States,NASDAQ,USD,mapped
russell_2500_proxy,CARG,CARG,CARGURUS CLASS A,Communication,United States,NASDAQ,USD,mapped
russell_2500_proxy,REZI,REZI,RESIDEO TECHNOLOGIES,Industrials,United States,NYSE,USD,mapped
russell_2500_proxy,RRR,RRR,RED ROCK RESORTS ORS CLASS A,Consumer Discretionary,United States,NASDAQ,USD,mapped
russell_2500_proxy,EEFT,EEFT,EURONET WORLDWIDE INC,Financials,United States,NASDAQ,USD,mapped
russell_2500_proxy,FCPT,FCPT,FOUR CORNERS PROPERTY INC TRUST,Real Estate,United States,NYSE,USD,mapped
russell_2500_proxy,DRH,DRH,DIAMONDROCK HOSPITALITY,Real Estate,United States,NASDAQ,USD,mapped
russell_2500_proxy,BUSE,BUSE,FIRST BUSEY,Financials,United States,NASDAQ,USD,mapped
russell_2500_proxy,IMNM,IMNM,IMMUNOME,Health Care,United States,NASDAQ,USD,mapped
russell_2500_proxy,PLUS,PLUS,EPLUS,Information Technology,United States,NASDAQ,USD,mapped
russell_2500_proxy,WRBY,WRBY,WARBY PARKER CLASS A,Consumer Discretionary,United States,NYSE,USD,mapped
russell_2500_proxy,VECO,VECO,VEECO INSTRUMENTS,Information Technology,United States,NASDAQ,USD,mapped
russell_2500_proxy,BATRK,BATRK,ATLANTA BRAVES HOLDINGS SERIES C,Communication,United States,NASDAQ,USD,mapped
russell_2500_proxy,JOE,JOE,ST JOE,Real Estate,United States,NYSE,USD,mapped
russell_2500_proxy,TNK,TNK,TEEKAY TANKERS LTD CLASS A,Energy,Bermuda,NYSE,USD,mapped
russell_2500_proxy,KRMN,KRMN,KARMAN HOLDINGS INC,Industrials,United States,NYSE,USD,mapped
russell_2500_proxy,SMG,SMG,SCOTTS MIRACLE GRO,Materials,United States,NYSE,USD,mapped
russell_2500_proxy,PPLI,PPLI,PEOPLE,Communication,United States,NASDAQ,USD,mapped
russell_2500_proxy,SMMT,SMMT,SUMMIT THERAPEUTICS,Health Care,United States,NASDAQ,USD,mapped
russell_2500_proxy,FOUR,FOUR,SHIFT4 PAYMENTS CLASS A,Financials,United States,NYSE,USD,mapped
russell_2500_proxy,NRIX,NRIX,NURIX THERAPEUTICS,Health Care,United States,NASDAQ,USD,mapped
russell_2500_proxy,FBK,FBK,FB FINANCIAL,Financials,United States,NYSE,USD,mapped
russell_2500_proxy,BEAM,BEAM,BEAM THERAPEUTICS,Health Care,United States,NASDAQ,USD,mapped
russell_2500_proxy,NTB,NTB,BANK OF NT BUTTERFIELD & SON LTD,Financials,United States,NYSE,USD,mapped
russell_2500_proxy,ANDE,ANDE,ANDERSONS INC,Consumer Staples,United States,NASDAQ,USD,mapped
russell_2500_proxy,CUBI,CUBI,CUSTOMERS BANCORP,Financials,United States,NYSE,USD,mapped
russell_2500_proxy,PHIN,PHIN,PHINIA,Consumer Discretionary,United States,NYSE,USD,mapped
russell_2500_proxy,PRVA,PRVA,PRIVIA HEALTH GROUP INC,Health Care,United States,NASDAQ,USD,mapped
russell_2500_proxy,NGVT,NGVT,INGEVITY,Materials,United States,NYSE,USD,mapped
russell_2500_proxy,SOUN,SOUN,SOUNDHOUND AI CLASS A,Information Technology,United States,NASDAQ,USD,mapped
russell_2500_proxy,OPEN,OPEN,OPENDOOR TECHNOLOGIES CLASS A,Real Estate,United States,NASDAQ,USD,mapped
russell_2500_proxy,NWL,NWL,NEWELL BRANDS INC,Consumer Discretionary,United States,NASDAQ,USD,mapped
russell_2500_proxy,SUPN,SUPN,SUPERNUS PHARMACEUTICALS,Health Care,United States,NASDAQ,USD,mapped
russell_2500_proxy,DXPE,DXPE,DXP ENTERPRISES,Industrials,United States,NASDAQ,USD,mapped
russell_2500_proxy,IMAX,IMAX,IMAX,Communication,United States,NYSE,USD,mapped
russell_2500_proxy,AXGN,AXGN,AXOGEN,Health Care,United States,NASDAQ,USD,mapped
russell_2500_proxy,BRZE,BRZE,BRAZE CLASS A,Information Technology,United States,NASDAQ,USD,mapped
russell_2500_proxy,HWKN,HWKN,HAWKINS INC,Materials,United States,NASDAQ,USD,mapped
russell_2500_proxy,SKWD,SKWD,SKYWARD SPECIALTY INSURANCE GROUP,Financials,United States,NASDAQ,USD,mapped
russell_2500_proxy,RAMP,RAMP,LIVERAMP HOLDINGS INC,Information Technology,United States,NYSE,USD,mapped
russell_2500_proxy,AEO,AEO,AMERICAN EAGLE OUTFITTERS,Consumer Discretionary,United States,NYSE,USD,mapped
russell_2500_proxy,ROG,ROG,ROGERS,Information Technology,United States,NYSE,USD,mapped
russell_2500_proxy,BANF,BANF,BANCFIRST CORP,Financials,United States,NASDAQ,USD,mapped
russell_2500_proxy,MANE,MANE,VERADERMICS,Health Care,United States,NYSE,USD,mapped
russell_2500_proxy,EFSC,EFSC,ENTERPRISE FINANCIAL SERVICES CORP,Financials,United States,NASDAQ,USD,mapped
russell_2500_proxy,APAM,APAM,ARTISAN PARTNERS ASSET MANAGEMENT,Financials,United States,NYSE,USD,mapped
russell_2500_proxy,NKTR,NKTR,NEKTAR THERAPEUTICS,Health Care,United States,NASDAQ,USD,mapped
russell_2500_proxy,IOSP,IOSP,INNOSPEC INC,Materials,United States,NASDAQ,USD,mapped
russell_2500_proxy,DCO,DCO,DUCOMMUN,Industrials,United States,NYSE,USD,mapped
russell_2500_proxy,BANR,BANR,BANNER CORP,Financials,United States,NASDAQ,USD,mapped
russell_2500_proxy,WTTR,WTTR,SELECT WATER SOLUTIONS CLASS A,Energy,United States,NYSE,USD,mapped
russell_2500_proxy,KMT,KMT,KENNAMETAL,Industrials,United States,NYSE,USD,mapped
russell_2500_proxy,WAFD,WAFD,WAFD INC,Financials,United States,NASDAQ,USD,mapped
russell_2500_proxy,NAVN,NAVN,NAVAN CLASS A,Consumer Discretionary,United States,NASDAQ,USD,mapped
russell_2500_proxy,NCNO,NCNO,NCINO,Information Technology,United States,NASDAQ,USD,mapped
russell_2500_proxy,TRN,TRN,TRINITY INDUSTRIES INC,Industrials,United States,NYSE,USD,mapped
russell_2500_proxy,IVT,IVT,INVENTRUST PROPERTIES,Real Estate,United States,NYSE,USD,mapped
russell_2500_proxy,RCUS,RCUS,ARCUS BIOSCIENCES,Health Care,United States,NYSE,USD,mapped
russell_2500_proxy,STNE,STNE,STONECO CLASS A,Financials,Brazil,NASDAQ,USD,mapped
russell_2500_proxy,AVPT,AVPT,AVEPOINT CLASS A,Information Technology,United States,NASDAQ,USD,mapped
russell_2500_proxy,PATK,PATK,PATRICK INDUSTRIES,Consumer Discretionary,United States,NASDAQ,USD,mapped
russell_2500_proxy,CXT,CXT,CRANE NXT,Information Technology,United States,NYSE,USD,mapped
russell_2500_proxy,HLIO,HLIO,HELIOS TECHNOLOGIES INC,Industrials,United States,NYSE,USD,mapped
russell_2500_proxy,KVYO,KVYO,KLAVIYO SERIES A,Information Technology,United States,NYSE,USD,mapped
russell_2500_proxy,GOLF,GOLF,ACUSHNET HOLDINGS CORP,Consumer Discretionary,United States,NYSE,USD,mapped
russell_2500_proxy,NWBI,NWBI,NORTHWEST BANCSHARES INC,Financials,United States,NASDAQ,USD,mapped
russell_2500_proxy,LION,LION,LIONSGATE STUDIOS,Communication,United States,NYSE,USD,mapped
russell_2500_proxy,RDW,RDW,REDWIRE,Industrials,United States,NYSE,USD,mapped
russell_2500_proxy,GPGI,GPGI,GPGI INC CLASS A,Information Technology,United States,NYSE,USD,mapped
russell_2500_proxy,VVX,VVX,V2X,Industrials,United States,NYSE,USD,mapped
russell_2500_proxy,HTO,HTO,H2O AMERICA,Utilities,United States,NASDAQ,USD,mapped
russell_2500_proxy,PENN,PENN,PENN ENTERTAINMENT,Consumer Discretionary,United States,NASDAQ,USD,mapped
russell_2500_proxy,PBH,PBH,PRESTIGE CONSUMER HEALTHCARE,Health Care,United States,NYSE,USD,mapped
russell_2500_proxy,CC,CC,CHEMOURS,Materials,United States,NYSE,USD,mapped
russell_2500_proxy,SHAK,SHAK,SHAKE SHACK INC CLASS A,Consumer Discretionary,United States,NYSE,USD,mapped
russell_2500_proxy,LPG,LPG,DORIAN LPG,Energy,United States,NYSE,USD,mapped
russell_2500_proxy,OSW,OSW,ONESPAWORLD HOLDINGS LTD,Consumer Discretionary,United States,NASDAQ,USD,mapped
russell_2500_proxy,ADUS,ADUS,ADDUS HOMECARE CORP,Health Care,United States,NASDAQ,USD,mapped
russell_2500_proxy,UPST,UPST,UPSTART HOLDINGS,Financials,United States,NASDAQ,USD,mapped
russell_2500_proxy,NMRK,NMRK,NEWMARK GROUP INC CLASS A,Real Estate,United States,NASDAQ,USD,mapped
russell_2500_proxy,VERA,VERA,VERA THERAPEUTICS CLASS A,Health Care,United States,NASDAQ,USD,mapped
russell_2500_proxy,OUST,OUST,OUSTER,Information Technology,United States,NASDAQ,USD,mapped
russell_2500_proxy,TALO,TALO,TALOS ENERGY,Energy,United States,NYSE,USD,mapped
russell_2500_proxy,WERN,WERN,WERNER ENTERPRISES,Industrials,United States,NASDAQ,USD,mapped
russell_2500_proxy,CACC,CACC,CREDIT ACCEPTANCE CORP,Financials,United States,NASDAQ,USD,mapped
russell_2500_proxy,SLS,SLS,SELLAS LIFE SCIENCES GROUP INC,Health Care,United States,NASDAQ,USD,mapped
russell_2500_proxy,LTC,LTC,LTC PROPERTIES REIT,Real Estate,United States,NYSE,USD,mapped
russell_2500_proxy,BXMT,BXMT,BLACKSTONE MORTGAGE TRUST REIT CLA,Financials,United States,NYSE,USD,mapped
russell_2500_proxy,BFH,BFH,BREAD FINANCIAL HOLDINGS,Financials,United States,NYSE,USD,mapped
russell_2500_proxy,KWR,KWR,QUAKER HOUGHTON CORP,Materials,United States,NYSE,USD,mapped
russell_2500_proxy,PAY,PAY,PAYMENTUS HOLDINGS INC CLASS A,Financials,United States,NYSE,USD,mapped
russell_2500_proxy,FLYW,FLYW,FLYWIRE,Financials,United States,NASDAQ,USD,mapped
russell_2500_proxy,HCI,HCI,HCI GROUP INC,Financials,United States,NYSE,USD,mapped
russell_2500_proxy,LASR,LASR,NLIGHT,Information Technology,United States,NASDAQ,USD,mapped
russell_2500_proxy,ELVN,ELVN,ENLIVEN THERAPEUTICS,Health Care,United States,NASDAQ,USD,mapped
russell_2500_proxy,OFG,OFG,OFG BANCORP,Financials,United States,NYSE,USD,mapped
russell_2500_proxy,ECPG,ECPG,ENCORE CAPITAL GROUP,Financials,United States,NASDAQ,USD,mapped
russell_2500_proxy,AGM,AGM,FEDERAL AGRICULTURAL MORTGAGE NON,Financials,United States,NYSE,USD,mapped
russell_2500_proxy,SRPT,SRPT,SAREPTA THERAPEUTICS,Health Care,United States,NASDAQ,USD,mapped
russell_2500_proxy,MTX,MTX,MINERALS TECHNOLOGIES,Materials,United States,NYSE,USD,mapped
russell_2500_proxy,LCII,LCII,LCI INDUSTRIES,Consumer Discretionary,United States,NYSE,USD,mapped
russell_2500_proxy,FCF,FCF,FIRST COMMONWEALTH FINANCIAL CORP,Financials,United States,NYSE,USD,mapped
russell_2500_proxy,CNS,CNS,COHEN & STEERS INC,Financials,United States,NYSE,USD,mapped
russell_2500_proxy,WHR,WHR,WHIRLPOOL,Consumer Discretionary,United States,NYSE,USD,mapped
russell_2500_proxy,MD,MD,PEDIATRIX MEDICAL GROUP INC,Health Care,United States,NYSE,USD,mapped
russell_2500_proxy,KEEL,KEEL,KEEL INFRASTRUCTURE CORP,Information Technology,United States,NASDAQ,USD,mapped
russell_2500_proxy,SYBT,SYBT,STOCK YARDS BANCORP INC,Financials,United States,NASDAQ,USD,mapped
russell_2500_proxy,INSP,INSP,INSPIRE MEDICAL SYSTEMS,Health Care,United States,NYSE,USD,mapped
russell_2500_proxy,WGS,WGS,GENEDX HOLDINGS CLASS A,Health Care,United States,NASDAQ,USD,mapped
russell_2500_proxy,UFPT,UFPT,UFP TECHNOLOGIES INC,Health Care,United States,NASDAQ,USD,mapped
russell_2500_proxy,SGHC,SGHC,SUPER GROUP,Consumer Discretionary,United States,NYSE,USD,mapped
russell_2500_proxy,DDS,DDS,DILLARDS CLASS A,Consumer Discretionary,United States,NYSE,USD,mapped
russell_2500_proxy,ATRO,ATRO,ASTRONICS,Industrials,United States,NASDAQ,USD,mapped
russell_2500_proxy,HGV,HGV,HILTON GRAND VACATIONS,Consumer Discretionary,United States,NYSE,USD,mapped
russell_2500_proxy,CALY,CALY,CALLAWAY GOLF COMPANY,Consumer Discretionary,United States,NYSE,USD,mapped
russell_2500_proxy,NWN,NWN,NORTHWEST NATURAL HOLDING COMPANY,Utilities,United States,NYSE,USD,mapped
russell_2500_proxy,PRLB,PRLB,PROTO LABS,Industrials,United States,NYSE,USD,mapped
russell_2500_proxy,OCUL,OCUL,OCULAR THERAPEUTIX,Health Care,United States,NASDAQ,USD,mapped
russell_2500_proxy,CRVL,CRVL,CORVEL,Health Care,United States,NASDAQ,USD,mapped
russell_2500_proxy,CAR,CAR,AVIS BUDGET GROUP INC,Industrials,United States,NASDAQ,USD,mapped
russell_2500_proxy,CALX,CALX,CALIX NETWORKS,Information Technology,United States,NYSE,USD,mapped
russell_2500_proxy,INTA,INTA,INTAPP,Information Technology,United States,NASDAQ,USD,mapped
russell_2500_proxy,ZD,ZD,ZIFF DAVIS INC,Communication,United States,NASDAQ,USD,mapped
russell_2500_proxy,ADMA,ADMA,ADMA BIOLOGICS,Health Care,United States,NASDAQ,USD,mapped
russell_2500_proxy,IPAR,IPAR,INTERPARFUMS INC,Consumer Staples,United States,NASDAQ,USD,mapped
russell_2500_proxy,STC,STC,STEWART INFO SERVICES CORP,Financials,United States,NYSE,USD,mapped
russell_2500_proxy,VCEL,VCEL,VERICEL,Health Care,United States,NASDAQ,USD,mapped
russell_2500_proxy,DXC,DXC,DXC TECHNOLOGY,Information Technology,United States,NYSE,USD,mapped
russell_2500_proxy,NVTS,NVTS,NAVITAS SEMICONDUCTOR,Information Technology,United States,NASDAQ,USD,mapped
russell_2500_proxy,GEF,GEF,GREIF INC CLASS A,Materials,United States,NYSE,USD,mapped
russell_2500_proxy,RUN,RUN,SUNRUN INC,Industrials,United States,NASDAQ,USD,mapped
russell_2500_proxy,PEB,PEB,PEBBLEBROOK HOTEL TRUST REIT,Real Estate,United States,NYSE,USD,mapped
russell_2500_proxy,HUBG,HUBG,HUB GROUP CLASS A,Industrials,United States,NASDAQ,USD,mapped
russell_2500_proxy,MZTI,MZTI,MARZETTI,Consumer Staples,United States,NASDAQ,USD,mapped
russell_2500_proxy,AUPH,AUPH,AURINIA PHARMACEUTICALS,Health Care,United States,NASDAQ,USD,mapped
russell_2500_proxy,GRBK,GRBK,GREEN BRICK PARTNERS,Consumer Discretionary,United States,NYSE,USD,mapped
russell_2500_proxy,BCRX,BCRX,BIOCRYST PHARMACEUTICALS,Health Care,United States,NASDAQ,USD,mapped
russell_2500_proxy,IPGP,IPGP,IPG PHOTONICS CORP,Information Technology,United States,NASDAQ,USD,mapped
russell_2500_proxy,SHO,SHO,SUNSTONE HOTEL INVESTORS REIT INC,Real Estate,United States,NYSE,USD,mapped
russell_2500_proxy,SPB,SPB,SPECTRUM BRANDS HOLDINGS,Consumer Staples,United States,NYSE,USD,mapped
russell_2500_proxy,TILE,TILE,INTERFACE,Industrials,United States,NASDAQ,USD,mapped
russell_2500_proxy,PPTA,PPTA,PERPETUA RESOURCES,Materials,United States,NASDAQ,USD,mapped
russell_2500_proxy,OLN,OLN,OLIN CORP,Materials,United States,NYSE,USD,mapped
russell_2500_proxy,NESR,NESR,NATIONAL ENERGY SERVICES REUNITED,Energy,United States,NASDAQ,USD,mapped
russell_2500_proxy,TBBK,TBBK,BANCORP INC,Financials,United States,NASDAQ,USD,mapped
russell_2500_proxy,PTON,PTON,PELOTON INTERACTIVE CLASS A INC,Consumer Discretionary,United States,NASDAQ,USD,mapped
russell_2500_proxy,PFSI,PFSI,PENNYMAC FINANCIAL SERVICES,Financials,United States,NYSE,USD,mapped
russell_2500_proxy,PRDO,PRDO,PERDOCEO EDUCATION,Consumer Discretionary,United States,NASDAQ,USD,mapped
russell_2500_proxy,CHCO,CHCO,CITY HOLDING,Financials,United States,NASDAQ,USD,mapped
russell_2500_proxy,MFP,MFP,MIDERA FOOD PROCESSING INC,Industrials,United States,NASDAQ,USD,mapped
russell_2500_proxy,RH,RH,RH,Consumer Discretionary,United States,NYSE,USD,mapped
russell_2500_proxy,HMN,HMN,HORACE MANN EDUCATORS CORP,Financials,United States,NYSE,USD,mapped
russell_2500_proxy,HHH,HHH,HOWARD HUGHES HOLDINGS INC,Real Estate,United States,NYSE,USD,mapped
russell_2500_proxy,AGIO,AGIO,AGIOS PHARMACEUTICALS,Health Care,United States,NASDAQ,USD,mapped
russell_2500_proxy,MBX,MBX,MBX BIOSCIENCES,Health Care,United States,NASDAQ,USD,mapped
russell_2500_proxy,AMR,AMR,ALPHA METALLURGICAL RESOURCE,Materials,United States,NYSE,USD,mapped
russell_2500_proxy,VRDN,VRDN,VIRIDIAN THERAPEUTICS ORS,Health Care,United States,NASDAQ,USD,mapped
russell_2500_proxy,LLYVA,LLYVA,LIBERTY LIVE HOLDINGS INC SERIES A,Communication,United States,NASDAQ,USD,mapped
russell_2500_proxy,WLY,WLY,JOHN WILEY AND SONS CLASS A,Communication,United States,NYSE,USD,mapped
russell_2500_proxy,IRON,IRON,DISC MEDICINE,Health Care,United States,NASDAQ,USD,mapped
russell_2500_proxy,PACS,PACS,PACS GROUP,Health Care,United States,NYSE,USD,mapped
russell_2500_proxy,FA,FA,FIRST ADVANTAGE,Industrials,United States,NASDAQ,USD,mapped
russell_2500_proxy,FTRE,FTRE,FORTREA HOLDINGS INC,Health Care,United States,NASDAQ,USD,mapped
russell_2500_proxy,ATEN,ATEN,A10 NETWORKS,Information Technology,United States,NYSE,USD,mapped
russell_2500_proxy,SONO,SONO,SONOS,Consumer Discretionary,United States,NASDAQ,USD,mapped
russell_2500_proxy,NNI,NNI,NELNET CLASS A,Financials,United States,NYSE,USD,mapped
russell_2500_proxy,CLOV,CLOV,CLOVER HEALTH INVESTMENTS CLASS A,Health Care,United States,NASDAQ,USD,mapped
russell_2500_proxy,BLBD,BLBD,BLUE BIRD,Industrials,United States,NASDAQ,USD,mapped
russell_2500_proxy,HRMY,HRMY,HARMONY BIOSCIENCES HLDG,Health Care,United States,NASDAQ,USD,mapped
russell_2500_proxy,ALGT,ALGT,ALLEGIANT TRAVEL,Industrials,United States,NASDAQ,USD,mapped
russell_2500_proxy,XRAY,XRAY,DENTSPLY SIRONA,Health Care,United States,NASDAQ,USD,mapped
russell_2500_proxy,TNET,TNET,TRINET GROUPINARY,Industrials,United States,NYSE,USD,mapped
russell_2500_proxy,ARR,ARR,ARMOUR RESIDENTIAL REIT,Financials,United States,NYSE,USD,mapped
russell_2500_proxy,DV,DV,DOUBLEVERIFY HOLDINGS,Communication,United States,NYSE,USD,mapped
russell_2500_proxy,PRGO,PRGO,PERRIGO PLC,Health Care,United States,NYSE,USD,mapped
russell_2500_proxy,VOYG,VOYG,VOYAGER TECHNOLOGIES CLASS A,Industrials,United States,NYSE,USD,mapped
russell_2500_proxy,LUNR,LUNR,INTUITIVE MACHINES INC CLASS A,Industrials,United States,NASDAQ,USD,mapped
russell_2500_proxy,WOR,WOR,WORTHINGTON ENTERPRISES,Industrials,United States,NYSE,USD,mapped
russell_2500_proxy,HAPN,HAPN,HAPPEN,Financials,United States,NASDAQ,USD,mapped
russell_2500_proxy,PAYO,PAYO,PAYONEER GLOBAL INC,Financials,United States,NASDAQ,USD,mapped
russell_2500_proxy,PGNY,PGNY,PROGYNY,Health Care,United States,NASDAQ,USD,mapped
russell_2500_proxy,ESTA,ESTA,ESTABLISHMENT LABS INC,Health Care,United States,NASDAQ,USD,mapped
russell_2500_proxy,URGN,URGN,UROGEN PHARMA,Health Care,United States,NASDAQ,USD,mapped
russell_2500_proxy,GNL,GNL,GLOBAL NET LEASE INC,Real Estate,United States,NYSE,USD,mapped
russell_2500_proxy,LNC,LNC,LINCOLN NATIONAL CORP,Financials,United States,NYSE,USD,mapped
russell_2500_proxy,MPT,MPT,MEDICAL PROPERTIES TRUST REIT,Real Estate,United States,NYSE,USD,mapped
russell_2500_proxy,SEZL,SEZL,SEZZLE INC,Financials,United States,NASDAQ,USD,mapped
russell_2500_proxy,ICHR,ICHR,ICHOR HOLDINGS,Information Technology,United States,NASDAQ,USD,mapped
russell_2500_proxy,GABC,GABC,GERMAN AMERICAN BANCORP INC,Financials,United States,NASDAQ,USD,mapped
russell_2500_proxy,SPNT,SPNT,SIRIUSPOINT,Financials,United States,NYSE,USD,mapped
russell_2500_proxy,BHVN,BHVN,BIOHAVEN,Health Care,United States,NYSE,USD,mapped
russell_2500_proxy,KSS,KSS,KOHLS CORP,Consumer Discretionary,United States,NYSE,USD,mapped
russell_2500_proxy,NSP,NSP,INSPERITY,Industrials,United States,NYSE,USD,mapped
russell_2500_proxy,EPAC,EPAC,ENERPAC TOOL GROUP CLASS A,Industrials,United States,NYSE,USD,mapped
russell_2500_proxy,INOD,INOD,INNODATA,Industrials,United States,NASDAQ,USD,mapped
russell_2500_proxy,STRA,STRA,STRATEGIC EDUCATION,Consumer Discretionary,United States,NASDAQ,USD,mapped
russell_2500_proxy,DHC,DHC,DIVERSIFIED HEALTHCARE TRUST,Real Estate,United States,NASDAQ,USD,mapped
russell_2500_proxy,ASST,ASST,STRIVE INC CLASS A,Health Care,United States,NASDAQ,USD,mapped
russell_2500_proxy,EVTC,EVTC,EVERTEC INC,Financials,United States,NYSE,USD,mapped
russell_2500_proxy,WKC,WKC,WORLD KINECT,Energy,United States,NYSE,USD,mapped
russell_2500_proxy,NTST,NTST,NETSTREIT,Real Estate,United States,NYSE,USD,mapped
russell_2500_proxy,NBHC,NBHC,NATIONAL BANK HOLDINGS CORP CLASS,Financials,United States,NYSE,USD,mapped
russell_2500_proxy,RXRX,RXRX,RECURSION PHARMACEUTICALS CLASS A,Health Care,United States,NASDAQ,USD,mapped
russell_2500_proxy,LBTYA,LBTYA,LIBERTY GLOBAL LTD CLASS A,Communication,United States,NASDAQ,USD,mapped
russell_2500_proxy,ACVA,ACVA,ACV AUCTIONS CLASS A,Industrials,United States,NYSE,USD,mapped
russell_2500_proxy,SMA,SMA,SMARTSTOP SELF STORAGE REIT INC,Real Estate,United States,NYSE,USD,mapped
russell_2500_proxy,NVCR,NVCR,NOVOCURE,Health Care,United States,NASDAQ,USD,mapped
russell_2500_proxy,CPRI,CPRI,CAPRI HOLDINGS LTD,Consumer Discretionary,United States,NYSE,USD,mapped
russell_2500_proxy,ALG,ALG,ALAMO GROUP,Industrials,United States,NYSE,USD,mapped
russell_2500_proxy,ALHC,ALHC,ALIGNMENT HEALTHCARE,Health Care,United States,NASDAQ,USD,mapped
russell_2500_proxy,BBUC,BBUC,BROOKFIELD BUSINESS CORP CLASS A,Industrials,Canada,NYSE,USD,mapped
russell_2500_proxy,SDGR,SDGR,SCHRODINGER INC,Health Care,United States,NASDAQ,USD,mapped
russell_2500_proxy,PSN,PSN,PARSONS CORP,Industrials,United States,NYSE,USD,mapped
russell_2500_proxy,GTY,GTY,GETTY REALTY REIT,Real Estate,United States,NYSE,USD,mapped
russell_2500_proxy,FLY,FLY,FIREFLY AEROSPACE,Industrials,United States,NASDAQ,USD,mapped
russell_2500_proxy,QUBT,QUBT,QUANTUM COMPUTING,Information Technology,United States,NASDAQ,USD,mapped
russell_2500_proxy,AIN,AIN,ALBANY INTERNATIONAL CORP CLASS A,Industrials,United States,NYSE,USD,mapped
russell_2500_proxy,PRGS,PRGS,PROGRESS SOFTWARE CORP,Information Technology,United States,NASDAQ,USD,mapped
russell_2500_proxy,LMAT,LMAT,LEMAITRE VASCULAR,Health Care,United States,NASDAQ,USD,mapped
russell_2500_proxy,SNDR,SNDR,SCHNEIDER NATIONAL CLASS B,Industrials,United States,NYSE,USD,mapped
russell_2500_proxy,STBA,STBA,S AND T BANCORP INC,Financials,United States,NASDAQ,USD,mapped
russell_2500_proxy,XNCR,XNCR,XENCOR,Health Care,United States,NASDAQ,USD,mapped
russell_2500_proxy,HG,HG,HAMILTON INSURANCE GROUP CLASS B,Financials,United States,NYSE,USD,mapped
russell_2500_proxy,BIRK,BIRK,BIRKENSTOCK HOLDING PLC,Consumer Discretionary,United States,NYSE,USD,mapped
russell_2500_proxy,QCRH,QCRH,QCR HOLDINGS INC,Financials,United States,NASDAQ,USD,mapped
russell_2500_proxy,HOPE,HOPE,HOPE BANCORP INC,Financials,United States,NASDAQ,USD,mapped
russell_2500_proxy,PVLA,PVLA,PALVELLA THERAPEUTICS INC,Health Care,United States,NASDAQ,USD,mapped
russell_2500_proxy,SFL,SFL,SFL,Energy,United States,NYSE,USD,mapped
russell_2500_proxy,CTRI,CTRI,CENTURI HOLDINGS INC,Industrials,United States,NYSE,USD,mapped
russell_2500_proxy,KOS,KOS,KOSMOS ENERGY,Energy,United States,NYSE,USD,mapped
russell_2500_proxy,CENTA,CENTA,CENTRAL GARDEN AND PET CLASS A,Consumer Staples,United States,NASDAQ,USD,mapped
russell_2500_proxy,NAT,NAT,NORDIC AMERICAN TANKERS LTD,Energy,United States,NYSE,USD,mapped
russell_2500_proxy,BLX,BLX,BLADEX INC CLASS E,Financials,Panama,NYSE,USD,mapped
russell_2500_proxy,AMC,AMC,AMC ENTERTAINMENT HOLDINGS INC CLA,Communication,United States,NYSE,USD,mapped
russell_2500_proxy,BFLY,BFLY,BUTTERFLY NETWORK CLASS A,Health Care,United States,NYSE,USD,mapped
russell_2500_proxy,SLDE,SLDE,SLIDE INSURANCE HOLDINGS,Financials,United States,NASDAQ,USD,mapped
russell_2500_proxy,HE,HE,HAWAIIAN ELECTRIC INDUSTRIES,Utilities,United States,NYSE,USD,mapped
russell_2500_proxy,PLAB,PLAB,PHOTRONICS,Information Technology,United States,NASDAQ,USD,mapped
russell_2500_proxy,CASH,CASH,PATHWARD FINANCIAL INC,Financials,United States,NASDAQ,USD,mapped
russell_2500_proxy,GLOB,GLOB,GLOBANT,Information Technology,United States,NYSE,USD,mapped
russell_2500_proxy,XHR,XHR,XENIA HOTELS RESORTS REIT,Real Estate,United States,NYSE,USD,mapped
russell_2500_proxy,DCOM,DCOM,DIME COMMERCIAL BANCSHARES,Financials,United States,NYSE,USD,mapped
russell_2500_proxy,NTLA,NTLA,INTELLIA THERAPEUTICS,Health Care,United States,NASDAQ,USD,mapped
russell_2500_proxy,UNIT,UNIT,UNITI GROUP INC,Communication,United States,NASDAQ,USD,mapped
russell_2500_proxy,IIPR,IIPR,INNOVATIVE INDUSTRIAL PROPERTIES I,Real Estate,United States,NYSE,USD,mapped
russell_2500_proxy,CVI,CVI,CVR ENERGY INC,Energy,United States,NYSE,USD,mapped
russell_2500_proxy,INFQ,INFQ,INFLEQTION INC,Information Technology,United States,NYSE,USD,mapped
russell_2500_proxy,TIC,TIC,TIC SOLUTIONS INC,Industrials,United States,NYSE,USD,mapped
russell_2500_proxy,PURR,PURR,HYPERLIQUID STRATEGIES INC,Health Care,United States,NASDAQ,USD,mapped
russell_2500_proxy,PAGS,PAGS,PAGSEGURO DIGITAL LTD CLASS A,Financials,Brazil,NYSE,USD,mapped
russell_2500_proxy,CTS,CTS,CTS CORP,Information Technology,United States,NYSE,USD,mapped
russell_2500_proxy,OBK,OBK,ORIGIN BANCORP INC,Financials,United States,NYSE,USD,mapped
russell_2500_proxy,TCBK,TCBK,TRICO BANCSHARES,Financials,United States,NASDAQ,USD,mapped
russell_2500_proxy,TRVI,TRVI,TREVI THERAPEUTICS,Health Care,United States,NASDAQ,USD,mapped
russell_2500_proxy,HTH,HTH,HILLTOP HOLDINGS,Financials,United States,NYSE,USD,mapped
russell_2500_proxy,WWW,WWW,WOLVERINE WORLD WIDE,Consumer Discretionary,United States,NYSE,USD,mapped
russell_2500_proxy,SRCE,SRCE,1ST SOURCE,Financials,United States,NASDAQ,USD,mapped
russell_2500_proxy,MLYS,MLYS,MINERALYS THERAPEUTICS,Health Care,United States,NASDAQ,USD,mapped
russell_2500_proxy,ICFI,ICFI,ICF INTERNATIONAL,Industrials,United States,NASDAQ,USD,mapped
russell_2500_proxy,INVA,INVA,INNOVIVA,Health Care,United States,NASDAQ,USD,mapped
russell_2500_proxy,STOK,STOK,STOKE THERAPEUTICS,Health Care,United States,NASDAQ,USD,mapped
russell_2500_proxy,BLFS,BLFS,BIOLIFE SOLUTIONS,Health Care,United States,NASDAQ,USD,mapped
russell_2500_proxy,BFC,BFC,BANK FIRST CORP,Financials,United States,NASDAQ,USD,mapped
russell_2500_proxy,CNOB,CNOB,CONNECTONE BANCORP,Financials,United States,NASDAQ,USD,mapped
russell_2500_proxy,BLKB,BLKB,BLACKBAUD,Information Technology,United States,NASDAQ,USD,mapped
russell_2500_proxy,SNDX,SNDX,SYNDAX PHARMACEUTICALS,Health Care,United States,NASDAQ,USD,mapped
russell_2500_proxy,PRCH,PRCH,PORCH GROUP,Financials,United States,NASDAQ,USD,mapped
russell_2500_proxy,ASTH,ASTH,ASTRANA HEALTH,Health Care,United States,NASDAQ,USD,mapped
russell_2500_proxy,SBET,SBET,SHARPLINK INC,Financials,United States,NASDAQ,USD,mapped
russell_2500_proxy,SBH,SBH,SALLY BEAUTY HOLDINGS,Consumer Discretionary,United States,NYSE,USD,mapped
russell_2500_proxy,PBI,PBI,PITNEY BOWES,Industrials,United States,NYSE,USD,mapped
russell_2500_proxy,CCS,CCS,CENTURY COMMUNITIES INC,Consumer Discretionary,United States,NYSE,USD,mapped
russell_2500_proxy,GRC,GRC,GORMAN-RUPP,Industrials,United States,NYSE,USD,mapped
russell_2500_proxy,EFC,EFC,ELLINGTON FINANCIAL,Financials,United States,NYSE,USD,mapped
russell_2500_proxy,GENI,GENI,GENIUS SPORTS LTD,Consumer Discretionary,United Kingdom,NYSE,USD,mapped
russell_2500_proxy,SAFT,SAFT,SAFETY INSURANCE GROUP INC,Financials,United States,NASDAQ,USD,mapped
russell_2500_proxy,ANIP,ANIP,ANI PHARMACEUTICALS,Health Care,United States,NASDAQ,USD,mapped
russell_2500_proxy,KMPR,KMPR,KEMPER,Financials,United States,NYSE,USD,mapped
russell_2500_proxy,OCFC,OCFC,OCEANFIRST FINANCIAL,Financials,United States,NASDAQ,USD,mapped
russell_2500_proxy,APPN,APPN,APPIAN CORP CLASS A,Information Technology,United States,NASDAQ,USD,mapped
russell_2500_proxy,HUN,HUN,HUNTSMAN CORP,Materials,United States,NYSE,USD,mapped
russell_2500_proxy,NVAX,NVAX,NOVAVAX,Health Care,United States,NASDAQ,USD,mapped
russell_2500_proxy,NUVB,NUVB,NUVATION BIO CLASS A,Health Care,United States,NYSE,USD,mapped
russell_2500_proxy,ETON,ETON,ETON PHARMACEUTCIALS INC,Health Care,United States,NASDAQ,USD,mapped
russell_2500_proxy,PGEN,PGEN,PRECIGEN,Health Care,United States,NASDAQ,USD,mapped
russell_2500_proxy,JBLU,JBLU,JETBLUE AIRWAYS,Industrials,United States,NASDAQ,USD,mapped
russell_2500_proxy,ADNT,ADNT,ADIENT PLC,Consumer Discretionary,United States,NYSE,USD,mapped
russell_2500_proxy,BAND,BAND,BANDWIDTH CLASS A,Communication,United States,NASDAQ,USD,mapped
russell_2500_proxy,PEBO,PEBO,PEOPLES BANCORP INC,Financials,United States,NASDAQ,USD,mapped
russell_2500_proxy,NN,NN,NEXTNAV,Information Technology,United States,NASDAQ,USD,mapped
russell_2500_proxy,MCRI,MCRI,MONARCH CASINO AND RESORT,Consumer Discretionary,United States,NASDAQ,USD,mapped
russell_2500_proxy,HCSG,HCSG,HEALTHCARE SERVICES GROUP,Industrials,United States,NASDAQ,USD,mapped
russell_2500_proxy,DBD,DBD,DIEBOLD NIXDORF INC,Information Technology,United States,NYSE,USD,mapped
russell_2500_proxy,OMCL,OMCL,OMNICELL INC,Health Care,United States,NASDAQ,USD,mapped
russell_2500_proxy,ADIG,ADIG,ADI GLOBAL DISTRIBUTION,Information Technology,United States,NYSE,USD,mapped
russell_2500_proxy,GT,GT,GOODYEAR TIRE & RUBBER,Consumer Discretionary,United States,NASDAQ,USD,mapped
russell_2500_proxy,ACT,ACT,ENACT HOLDINGS INC,Financials,United States,NASDAQ,USD,mapped
russell_2500_proxy,DCH,DCH,DAUCH CORPORATION,Consumer Discretionary,United States,NYSE,USD,mapped
russell_2500_proxy,BTDR,BTDR,BITDEER TECHNOLOGIES GROUP CLASS A,Information Technology,Singapore,NASDAQ,USD,mapped
russell_2500_proxy,ALNT,ALNT,ALLIENT INC,Industrials,United States,NASDAQ,USD,mapped
russell_2500_proxy,AI,AI,C3 AI CLASS A,Information Technology,United States,NYSE,USD,mapped
russell_2500_proxy,MLKN,MLKN,MILLERKNOLL,Industrials,United States,NASDAQ,USD,mapped
russell_2500_proxy,VIA,VIA,VIA TRANSPORTATION CLASS A,Information Technology,United States,NYSE,USD,mapped
russell_2500_proxy,PRG,PRG,PROG HOLDINGS INC,Financials,United States,NYSE,USD,mapped
russell_2500_proxy,PDFS,PDFS,PDF SOLUTIONS,Information Technology,United States,NASDAQ,USD,mapped
russell_2500_proxy,TFIN,TFIN,TRIUMPH FINANCIAL,Financials,United States,NYSE,USD,mapped
russell_2500_proxy,VISN,VISN,VISTANCE NETWORKS INC,Information Technology,United States,NASDAQ,USD,mapped
russell_2500_proxy,LKFN,LKFN,LAKELAND FINANCIAL CORP,Financials,United States,NASDAQ,USD,mapped
russell_2500_proxy,JAN,JAN,JANUS LIVING INC CLASS A,Real Estate,United States,NYSE,USD,mapped
russell_2500_proxy,ARLO,ARLO,ARLO TECHNOLOGIES,Information Technology,United States,NYSE,USD,mapped
russell_2500_proxy,CNMD,CNMD,CONMED CORP,Health Care,United States,NYSE,USD,mapped
russell_2500_proxy,BL,BL,BLACKLINE,Information Technology,United States,NASDAQ,USD,mapped
russell_2500_proxy,HLMN,HLMN,HILLMAN SOLUTIONS,Industrials,United States,NASDAQ,USD,mapped
russell_2500_proxy,AZTA,AZTA,AZENTA,Health Care,United States,NASDAQ,USD,mapped
russell_2500_proxy,MQ,MQ,MARQETA CLASS A,Financials,United States,NASDAQ,USD,mapped
russell_2500_proxy,DJT,DJT,TRUMP MEDIA TECHNOLOGY GROUP,Communication,United States,NASDAQ,USD,mapped
russell_2500_proxy,RLJ,RLJ,RLJ LODGING TRUST REIT,Real Estate,United States,NYSE,USD,mapped
russell_2500_proxy,BBAI,BBAI,BIGBEAR.AI HOLDINGS,Information Technology,United States,NYSE,USD,mapped
russell_2500_proxy,RARE,RARE,ULTRAGENYX PHARMACEUTICAL,Health Care,United States,NASDAQ,USD,mapped
russell_2500_proxy,WABC,WABC,WESTAMERICA BANCORPORATION,Financials,United States,NASDAQ,USD,mapped
russell_2500_proxy,CMPR,CMPR,CIMPRESS PLC,Industrials,United States,NASDAQ,USD,mapped
russell_2500_proxy,XERS,XERS,XERIS BIOPHARMA HOLDINGS,Health Care,United States,NASDAQ,USD,mapped
russell_2500_proxy,LOB,LOB,LIVE OAK BANCSHARES,Financials,United States,NYSE,USD,mapped
russell_2500_proxy,SCL,SCL,STEPAN,Materials,United States,NYSE,USD,mapped
russell_2500_proxy,LIND,LIND,LINDBLAD EXPEDITIONS HOLDINGS,Consumer Discretionary,United States,NASDAQ,USD,mapped
russell_2500_proxy,SCSC,SCSC,SCANSOURCE,Information Technology,United States,NASDAQ,USD,mapped
russell_2500_proxy,EOSE,EOSE,EOS ENERGY ENTERPRISES CLASS A,Industrials,United States,NASDAQ,USD,mapped
russell_2500_proxy,EFOR,EFOR,EVERFORTH,Information Technology,United States,NYSE,USD,mapped
russell_2500_proxy,ENR,ENR,ENERGIZER HOLDINGS INC,Consumer Staples,United States,NYSE,USD,mapped
russell_2500_proxy,LBTYK,LBTYK,LIBERTY GLOBAL LTD CLASS C,Communication,United States,NASDAQ,USD,mapped
russell_2500_proxy,AMSC,AMSC,AMERICAN SUPERCONDUCTOR CORP,Industrials,United States,NASDAQ,USD,mapped
russell_2500_proxy,GCT,GCT,GIGACLOUD TECHNOLOGY INC CLASS A,Consumer Discretionary,United States,NASDAQ,USD,mapped
russell_2500_proxy,XPRO,XPRO,EXPRO LTD,Energy,United States,NYSE,USD,mapped
russell_2500_proxy,AMN,AMN,AMN HEALTHCARE,Health Care,United States,NYSE,USD,mapped
russell_2500_proxy,SAIL,SAIL,SAILPOINT,Information Technology,United States,NASDAQ,USD,mapped
russell_2500_proxy,ALH,ALH,ALLIANCE LAUNDRY HOLDINGS,Industrials,United States,NYSE,USD,mapped
russell_2500_proxy,PNTG,PNTG,PENNANT GROUP,Health Care,United States,NASDAQ,USD,mapped
russell_2500_proxy,TMP,TMP,TOMPKINS FINANCIAL CORP,Financials,United States,Nyse Mkt Llc,USD,mapped
russell_2500_proxy,AMPL,AMPL,AMPLITUDE CLASS A,Information Technology,United States,NASDAQ,USD,mapped
russell_2500_proxy,VIR,VIR,VIR BIOTECHNOLOGY,Health Care,United States,NASDAQ,USD,mapped
russell_2500_proxy,OMER,OMER,OMEROS,Health Care,United States,NASDAQ,USD,mapped
russell_2500_proxy,EYE,EYE,NATIONAL VISION HOLDINGS,Consumer Discretionary,United States,NASDAQ,USD,mapped
russell_2500_proxy,SAM,SAM,BOSTON BEER CLASS A,Consumer Staples,United States,NYSE,USD,mapped
russell_2500_proxy,GBX,GBX,GREENBRIER,Industrials,United States,NYSE,USD,mapped
russell_2500_proxy,DLO,DLO,DLOCAL CLASS A,Financials,United States,NASDAQ,USD,mapped
russell_2500_proxy,MBIN,MBIN,MERCHANTS BANCORP,Financials,United States,NASDAQ,USD,mapped
russell_2500_proxy,ZG,ZG,ZILLOW GROUP CLASS A,Real Estate,United States,NASDAQ,USD,mapped
russell_2500_proxy,MBC,MBC,MASTERBRAND,Industrials,United States,NYSE,USD,mapped
russell_2500_proxy,INVX,INVX,INNOVEX INTERNATIONAL INC,Energy,United States,NYSE,USD,mapped
russell_2500_proxy,STUB,STUB,STUBHUB HOLDINGS INC CLASS A,Communication,United States,NYSE,USD,mapped
russell_2500_proxy,REYN,REYN,REYNOLDS CONSUMER PRODUCTS INC,Consumer Staples,United States,NASDAQ,USD,mapped
russell_2500_proxy,ROCK,ROCK,GIBRALTAR INDUSTRIES,Industrials,United States,NASDAQ,USD,mapped
russell_2500_proxy,BKE,BKE,BUCKLE,Consumer Discretionary,United States,NYSE,USD,mapped
russell_2500_proxy,WD,WD,WALKER & DUNLOP INC,Financials,United States,NYSE,USD,mapped
russell_2500_proxy,AMPX,AMPX,AMPRIUS TECHNOLOGIES INC,Industrials,United States,NYSE,USD,mapped
russell_2500_proxy,TPB,TPB,TURNING POINT BRANDS,Consumer Staples,United States,NYSE,USD,mapped
russell_2500_proxy,UMH,UMH,UMH PROPERTIES INC,Real Estate,United States,NYSE,USD,mapped
russell_2500_proxy,CGEM,CGEM,CULLINAN THERAPEUTICS,Health Care,United States,NASDAQ,USD,mapped
russell_2500_proxy,SHLS,SHLS,SHOALS TECHNOLOGIES GROUP CLASS A,Industrials,United States,NASDAQ,USD,mapped
russell_2500_proxy,KOD,KOD,KODIAK SCIENCES,Health Care,United States,NASDAQ,USD,mapped
russell_2500_proxy,EPC,EPC,EDGEWELL PERSONAL CARE,Consumer Staples,United States,NYSE,USD,mapped
russell_2500_proxy,FMC,FMC,FMC CORP,Materials,United States,NYSE,USD,mapped
russell_2500_proxy,VSTS,VSTS,VESTIS,Industrials,United States,NYSE,USD,mapped
russell_2500_proxy,PPC,PPC,PILGRIMS PRIDE CORP,Consumer Staples,United States,NASDAQ,USD,mapped
russell_2500_proxy,ZYME,ZYME,ZYMEWORKS,Health Care,United States,NASDAQ,USD,mapped
russell_2500_proxy,DEI,DEI,DOUGLAS EMMETT REIT,Real Estate,United States,NYSE,USD,mapped
russell_2500_proxy,CTBI,CTBI,COMMUNITY TRUST BANCORP,Financials,United States,NASDAQ,USD,mapped
russell_2500_proxy,ABSI,ABSI,ABSCI CORP,Health Care,United States,NASDAQ,USD,mapped
russell_2500_proxy,RAPP,RAPP,RAPPORT THERAPEUTICS,Health Care,United States,NASDAQ,USD,mapped
russell_2500_proxy,OSBC,OSBC,OLD SECOND BANCORP INC,Financials,United States,NASDAQ,USD,mapped
russell_2500_proxy,ORC,ORC,ORCHID ISLAND CAPITAL INC,Financials,United States,NYSE,USD,mapped
russell_2500_proxy,SLVM,SLVM,SYLVAMO CORP,Materials,United States,NYSE,USD,mapped
russell_2500_proxy,ATEC,ATEC,ALPHATEC HOLDNGS,Health Care,United States,NASDAQ,USD,mapped
russell_2500_proxy,ALKT,ALKT,ALKAMI TECHNOLOGY,Information Technology,United States,NASDAQ,USD,mapped
russell_2500_proxy,NBR,NBR,NABORS INDUSTRIES,Energy,United States,NYSE,USD,mapped
russell_2500_proxy,USPH,USPH,US PHYSICAL THERAPY INC,Health Care,United States,NYSE,USD,mapped
russell_2500_proxy,COLM,COLM,COLUMBIA SPORTSWEAR,Consumer Discretionary,United States,NASDAQ,USD,mapped
russell_2500_proxy,USLM,USLM,UNITED STATES LIME AND MINERALS IN,Materials,United States,NASDAQ,USD,mapped
russell_2500_proxy,GSHD,GSHD,GOOSEHEAD INSURANCE CLASS A,Financials,United States,NASDAQ,USD,mapped
russell_2500_proxy,APPS,APPS,DIGITAL TURBINE,Information Technology,United States,NASDAQ,USD,mapped
russell_2500_proxy,FIGS,FIGS,FIGS CLASS A,Consumer Discretionary,United States,NYSE,USD,mapped
russell_2500_proxy,IMKTA,IMKTA,INGLES MARKETS CLASS A,Consumer Staples,United States,NASDAQ,USD,mapped
russell_2500_proxy,NSSC,NSSC,NAPCO SECURITY TECHNOLOGIES,Information Technology,United States,NASDAQ,USD,mapped
russell_2500_proxy,REX,REX,REX AMERICAN RESOURCES,Energy,United States,NYSE,USD,mapped
russell_2500_proxy,TSHA,TSHA,TAYSHA GENE THERAPIES,Health Care,United States,NASDAQ,USD,mapped
russell_2500_proxy,FMBH,FMBH,FIRST MID BANCSHARES INC,Financials,United States,NASDAQ,USD,mapped
russell_2500_proxy,UVSP,UVSP,UNIVEST FINANCIAL CORP,Financials,United States,NASDAQ,USD,mapped
russell_2500_proxy,INGM,INGM,INGRAM MICRO HOLDING,Information Technology,United States,NYSE,USD,mapped
russell_2500_proxy,HLIT,HLIT,HARMONIC,Information Technology,United States,NASDAQ,USD,mapped
russell_2500_proxy,LNN,LNN,LINDSAY,Industrials,United States,NYSE,USD,mapped
russell_2500_proxy,THRM,THRM,GENTHERM,Consumer Discretionary,United States,NASDAQ,USD,mapped
russell_2500_proxy,HLF,HLF,HERBALIFE LTD,Consumer Staples,United States,NYSE,USD,mapped
russell_2500_proxy,CNXC,CNXC,CONCENTRIX,Industrials,United States,NASDAQ,USD,mapped
russell_2500_proxy,UFCS,UFCS,UNITED FIRE GROUP INC,Financials,United States,NASDAQ,USD,mapped
russell_2500_proxy,JJSF,JJSF,J AND J SNACK FOODS CORP,Consumer Staples,United States,NASDAQ,USD,mapped
russell_2500_proxy,FUN,FUN,SIX FLAGS ENTERTAINMENT CORP,Consumer Discretionary,United States,NYSE,USD,mapped
russell_2500_proxy,DMRA,DMRA,DAMORA THERAPEUTICS INC,Health Care,United States,NASDAQ,USD,mapped
russell_2500_proxy,ARX,ARX,ACCELERANT HOLDINGS CLASS A,Financials,United States,NYSE,USD,mapped
russell_2500_proxy,TNDM,TNDM,TANDEM DIABETES CARE,Health Care,United States,NASDAQ,USD,mapped
russell_2500_proxy,GBTG,GBTG,GLOBAL BUSINESS TRAVEL GROUP CLASS,Consumer Discretionary,United States,NYSE,USD,mapped
russell_2500_proxy,DFIN,DFIN,DONNELLEY FINANCIAL SOLUTIONS,Financials,United States,NYSE,USD,mapped
russell_2500_proxy,LZB,LZB,LA-Z-BOY INC,Consumer Discretionary,United States,NYSE,USD,mapped
russell_2500_proxy,BY,BY,BYLINE BANCORP INC,Financials,United States,NYSE,USD,mapped
russell_2500_proxy,MYE,MYE,MYERS INDUSTRIES INC,Materials,United States,NYSE,USD,mapped
russell_2500_proxy,PD,PD,PAGERDUTY,Information Technology,United States,NYSE,USD,mapped
russell_2500_proxy,TNC,TNC,TENNANT,Industrials,United States,NYSE,USD,mapped
russell_2500_proxy,PDM,PDM,PIEDMONT REALTY TRUST CLASS A,Real Estate,United States,NYSE,USD,mapped
russell_2500_proxy,HFWA,HFWA,HERITAGE FINANCIAL CORP,Financials,United States,NASDAQ,USD,mapped
russell_2500_proxy,BF A,BF-A,BROWN FORMAN CLASS A,Consumer Staples,United States,NYSE,USD,mapped
russell_2500_proxy,HOG,HOG,HARLEY DAVIDSON,Consumer Discretionary,United States,NYSE,USD,mapped
russell_2500_proxy,HOS,HOS,HORNBECK OFFSHORE SERVICES,Energy,United States,NYSE,USD,mapped
russell_2500_proxy,WLDN,WLDN,WILLDAN GROUP,Industrials,United States,NASDAQ,USD,mapped
russell_2500_proxy,ECVT,ECVT,ECOVYST,Materials,United States,NYSE,USD,mapped
russell_2500_proxy,HYMC,HYMC,HYCROFT MINING HOLDING CORP CLASS,Materials,United States,NASDAQ,USD,mapped
russell_2500_proxy,NEXT,NEXT,NEXTDECADE,Energy,United States,NASDAQ,USD,mapped
russell_2500_proxy,BJRI,BJRI,BJS RESTAURANTS INC,Consumer Discretionary,United States,NASDAQ,USD,mapped
russell_2500_proxy,XPEL,XPEL,XPEL,Consumer Discretionary,United States,NASDAQ,USD,mapped
russell_2500_proxy,FLO,FLO,FLOWERS FOODS INC,Consumer Staples,United States,NYSE,USD,mapped
russell_2500_proxy,PLGO,PLGO,PELAGOS INSURANCE CAPITAL LTD,Financials,Bermuda,NYSE,USD,mapped
russell_2500_proxy,AMBQ,AMBQ,AMBIQ MICRO,Information Technology,United States,NYSE,USD,mapped
russell_2500_proxy,UVE,UVE,UNIVERSAL INSURANCE HOLDINGS INC,Financials,United States,NYSE,USD,mapped
russell_2500_proxy,NP,NP,NEPTUNE INSURANCE HOLDINGS CLASS A,Financials,United States,NYSE,USD,mapped
russell_2500_proxy,TDOC,TDOC,TELADOC HEALTH INC,Health Care,United States,NYSE,USD,mapped
russell_2500_proxy,IE,IE,IVANHOE ELECTRIC,Materials,United States,Nyse Mkt Llc,USD,mapped
russell_2500_proxy,UVV,UVV,UNIVERSAL,Consumer Staples,United States,NYSE,USD,mapped
russell_2500_proxy,WEN,WEN,WENDYS,Consumer Discretionary,United States,NASDAQ,USD,mapped
russell_2500_proxy,COUR,COUR,COURSERA,Consumer Discretionary,United States,NYSE,USD,mapped
russell_2500_proxy,IDT,IDT,IDT CLASS B,Communication,United States,NYSE,USD,mapped
russell_2500_proxy,WS,WS,WORTHINGTON STEEL INC,Materials,United States,NYSE,USD,mapped
russell_2500_proxy,BHRB,BHRB,BURKE HERBERT FINANCIAL SERVICES C,Financials,United States,NASDAQ,USD,mapped
russell_2500_proxy,AAT,AAT,AMERICAN ASSETS TRUST REIT,Real Estate,United States,NYSE,USD,mapped
russell_2500_proxy,AGL,AGL,AGILON HEALTH,Health Care,United States,NYSE,USD,mapped
russell_2500_proxy,AESI,AESI,ATLAS ENERGY SOLUTIONS,Energy,United States,NYSE,USD,mapped
russell_2500_proxy,MBWM,MBWM,MERCANTILE BANK CORP,Financials,United States,NASDAQ,USD,mapped
russell_2500_proxy,RYZ,RYZ,RYERSON HOLDING,Materials,United States,NYSE,USD,mapped
russell_2500_proxy,PSNL,PSNL,PERSONALIS,Health Care,United States,NASDAQ,USD,mapped
russell_2500_proxy,CSTL,CSTL,CASTLE BIOSCIENCES,Health Care,United States,NASDAQ,USD,mapped
russell_2500_proxy,DLX,DLX,DELUXE,Industrials,United States,NYSE,USD,mapped
russell_2500_proxy,AVAH,AVAH,AVEANNA HEALTHCARE HOLDINGS INC,Health Care,United States,NASDAQ,USD,mapped
russell_2500_proxy,MNKD,MNKD,MANNKIND,Health Care,United States,NASDAQ,USD,mapped
russell_2500_proxy,ANAB,ANAB,ANAPTYSBIO,Health Care,United States,NASDAQ,USD,mapped
russell_2500_proxy,VTOL,VTOL,BRISTOW GROUP,Energy,United States,NYSE,USD,mapped
russell_2500_proxy,GO,GO,GROCERY OUTLET HOLDING,Consumer Staples,United States,NASDAQ,USD,mapped
russell_2500_proxy,UMAC,UMAC,UNUSUAL MACHINES INC,Information Technology,United States,Nyse Mkt Llc,USD,mapped
russell_2500_proxy,PRCT,PRCT,PROCEPT BIOROBOTICS,Health Care,United States,NASDAQ,USD,mapped
russell_2500_proxy,NIQ,NIQ,NIQ GLOBAL INTELLIGENCE PLC,Communication,United States,NYSE,USD,mapped
russell_2500_proxy,SNDA,SNDA,SONIDA SENIOR LIVING,Health Care,United States,NYSE,USD,mapped
russell_2500_proxy,AORT,AORT,ARTIVION,Health Care,United States,NYSE,USD,mapped
russell_2500_proxy,LADR,LADR,LADDER CAPITAL CORP CLASS A,Financials,United States,NYSE,USD,mapped
russell_2500_proxy,CFFN,CFFN,CAPITOL FEDERAL FINANCIAL INC,Financials,United States,NASDAQ,USD,mapped
russell_2500_proxy,CRI,CRI,CARTERS,Consumer Discretionary,United States,NYSE,USD,mapped
russell_2500_proxy,BRBR,BRBR,BELLRING BRANDS,Consumer Staples,United States,NYSE,USD,mapped
russell_2500_proxy,NUTX,NUTX,NUTEX HEALTH INC,Health Care,United States,NASDAQ,USD,mapped
russell_2500_proxy,YELP,YELP,YELP,Communication,United States,NYSE,USD,mapped
russell_2500_proxy,CNXN,CNXN,PC CONNECTION INC,Information Technology,United States,NASDAQ,USD,mapped
russell_2500_proxy,LILAK,LILAK,LIBERTY LATIN AMERICA CLASS C,Communication,United States,NASDAQ,USD,mapped
russell_2500_proxy,AVBP,AVBP,ARRIVENT BIOPHARMA,Health Care,United States,NASDAQ,USD,mapped
russell_2500_proxy,DOLE,DOLE,DOLE PLC,Consumer Staples,United States,NYSE,USD,mapped
russell_2500_proxy,HROW,HROW,HARROW,Health Care,United States,NASDAQ,USD,mapped
russell_2500_proxy,SGRY,SGRY,SURGERY PARTNERS,Health Care,United States,NASDAQ,USD,mapped
russell_2500_proxy,REAL,REAL,THE REALREAL,Consumer Discretionary,United States,NASDAQ,USD,mapped
russell_2500_proxy,CBL,CBL,CBL ASSOCIATES PROPERTIES,Real Estate,United States,NYSE,USD,mapped
russell_2500_proxy,TRS,TRS,TRIMAS,Materials,United States,NASDAQ,USD,mapped
russell_2500_proxy,CRAI,CRAI,CRA INTERNATIONAL INC,Industrials,United States,NASDAQ,USD,mapped
russell_2500_proxy,UTZ,UTZ,UTZ BRANDS CLASS A,Consumer Staples,United States,NYSE,USD,mapped
russell_2500_proxy,PLPC,PLPC,PREFORMED LINE PRODUCTS,Industrials,United States,NASDAQ,USD,mapped
russell_2500_proxy,GPRE,GPRE,GREEN PLAINS,Energy,United States,NASDAQ,USD,mapped
russell_2500_proxy,PUMP,PUMP,PROPETRO HOLDING,Energy,United States,NYSE,USD,mapped
russell_2500_proxy,HZO,HZO,MARINEMAX INC,Consumer Discretionary,United States,NYSE,USD,mapped
russell_2500_proxy,NPKI,NPKI,NPK INTERNATIONAL,Industrials,United States,NYSE,USD,mapped
russell_2500_proxy,FRMI,FRMI,FERMI INC,Real Estate,United States,NASDAQ,USD,mapped
russell_2500_proxy,BORR,BORR,BORR DRILLING,Energy,Norway,NYSE,USD,mapped
russell_2500_proxy,DMC,DMC,DEL MONTE,Consumer Staples,United States,NYSE,USD,mapped
russell_2500_proxy,BRSL,BRSL,BRIGHTSTAR LOTTERY PLC,Consumer Discretionary,United States,NYSE,USD,mapped
russell_2500_proxy,CCNE,CCNE,CNB FINANCIAL CORP,Financials,United States,NASDAQ,USD,mapped
russell_2500_proxy,DEA,DEA,EASTERLY GOVERNMENT PROPERTIES INC,Real Estate,United States,NYSE,USD,mapped
russell_2500_proxy,PRSU,PRSU,PURSUIT ATTRACTIONS AND HOSPITALIT,Consumer Discretionary,United States,NYSE,USD,mapped
russell_2500_proxy,IART,IART,INTEGRA LIFESCIENCES HOLDINGS,Health Care,United States,NASDAQ,USD,mapped
russell_2500_proxy,TFSL,TFSL,TFS FINANCIAL CORP,Financials,United States,NASDAQ,USD,mapped
russell_2500_proxy,UPWK,UPWK,UPWORK,Industrials,United States,NASDAQ,USD,mapped
russell_2500_proxy,MSEX,MSEX,MIDDLESEX WATER,Utilities,United States,NASDAQ,USD,mapped
russell_2500_proxy,ENOV,ENOV,ENOVIS CORP,Health Care,United States,NYSE,USD,mapped
russell_2500_proxy,FLNG,FLNG,FLEX LNG,Energy,Norway,NYSE,USD,mapped
russell_2500_proxy,MCB,MCB,METROPOLITAN BANK HOLDING CORP,Financials,United States,NYSE,USD,mapped
russell_2500_proxy,BLSH,BLSH,BULLISH,Financials,United States,NYSE,USD,mapped
russell_2500_proxy,LGIH,LGIH,LGI HOMES,Consumer Discretionary,United States,NASDAQ,USD,mapped
russell_2500_proxy,BFST,BFST,BUSINESS FIRST BANCSHARES INC,Financials,United States,NASDAQ,USD,mapped
russell_2500_proxy,LQDT,LQDT,LIQUIDITY SERVICES INC,Industrials,United States,NASDAQ,USD,mapped
russell_2500_proxy,REPL,REPL,REPLIMUNE GROUP,Health Care,United States,NASDAQ,USD,mapped
russell_2500_proxy,GIII,GIII,G III APPAREL GROUP LTD,Consumer Discretionary,United States,NASDAQ,USD,mapped
russell_2500_proxy,MWH,MWH,SOLV ENERGY CLASS A INC,Industrials,United States,NASDAQ,USD,mapped
russell_2500_proxy,CAC,CAC,CAMDEN NATIONAL CORP,Financials,United States,NASDAQ,USD,mapped
russell_2500_proxy,UAA,UAA,UNDER ARMOUR INC CLASS A,Consumer Discretionary,United States,NYSE,USD,mapped
russell_2500_proxy,NBN,NBN,NORTHEAST BANK,Financials,United States,NASDAQ,USD,mapped
russell_2500_proxy,HBNC,HBNC,HORIZON BANCORP INC,Financials,United States,NASDAQ,USD,mapped
russell_2500_proxy,TRIP,TRIP,TRIPADVISOR,Communication,United States,NASDAQ,USD,mapped
russell_2500_proxy,VYX,VYX,NCR VOYIX,Information Technology,United States,NYSE,USD,mapped
russell_2500_proxy,RUM,RUM,RUM GROUP CLASS A,Communication,United States,NASDAQ,USD,mapped
russell_2500_proxy,GTM,GTM,ZOOMINFO TECHNOLOGIES,Communication,United States,NASDAQ,USD,mapped
russell_2500_proxy,AMTB,AMTB,AMERANT BANCORP CLASS A,Financials,United States,NYSE,USD,mapped
russell_2500_proxy,INBX,INBX,INHIBRX BIOSCIENCES INC,Health Care,United States,NASDAQ,USD,mapped
russell_2500_proxy,CERT,CERT,CERTARA,Health Care,United States,NASDAQ,USD,mapped
russell_2500_proxy,CBRL,CBRL,CRACKER BARREL OLD COUNTRY STORE I,Consumer Discretionary,United States,NASDAQ,USD,mapped
russell_2500_proxy,UTI,UTI,UNIVERSAL TECHNICAL INSTITUTE,Consumer Discretionary,United States,NYSE,USD,mapped
russell_2500_proxy,KURA,KURA,KURA ONCOLOGY,Health Care,United States,NASDAQ,USD,mapped
russell_2500_proxy,BCAX,BCAX,BICARA THERAPEUTICS INC,Health Care,United States,NASDAQ,USD,mapped
russell_2500_proxy,NWPX,NWPX,NWPX INFRASTRUCTURE,Industrials,United States,NASDAQ,USD,mapped
russell_2500_proxy,BW,BW,BABCOCK AND WILCOX ENTERPRISES,Industrials,United States,NYSE,USD,mapped
russell_2500_proxy,DEC,DEC,DIVERSIFIED ENERGY COMPANY,Energy,United States,NYSE,USD,mapped
russell_2500_proxy,CSR,CSR,CENTERSPACE,Real Estate,United States,NYSE,USD,mapped
russell_2500_proxy,ASAN,ASAN,ASANA CLASS A,Information Technology,United States,NYSE,USD,mapped
russell_2500_proxy,PCRX,PCRX,PACIRA BIOSCIENCES,Health Care,United States,NASDAQ,USD,mapped
russell_2500_proxy,UPBD,UPBD,UPBOUND GROUP,Consumer Discretionary,United States,NASDAQ,USD,mapped
russell_2500_proxy,SEB,SEB,SEABOARD,Consumer Staples,United States,Nyse Mkt Llc,USD,mapped
russell_2500_proxy,FMNB,FMNB,FARMERS NATIONAL BANC CORP,Financials,United States,NASDAQ,USD,mapped
russell_2500_proxy,QNST,QNST,QUINSTREET INC,Communication,United States,NASDAQ,USD,mapped
russell_2500_proxy,FSUN,FSUN,FIRSTSUN CAPITAL BANCORP,Financials,United States,NASDAQ,USD,mapped
russell_2500_proxy,THFF,THFF,FIRST FINANCIAL CORPORATION CORP,Financials,United States,NASDAQ,USD,mapped
russell_2500_proxy,MUX,MUX,MCEWEN INC,Materials,United States,NYSE,USD,mapped
russell_2500_proxy,ORIC,ORIC,ORIC PHARMACEUTICALS,Health Care,United States,NASDAQ,USD,mapped
russell_2500_proxy,FCEL,FCEL,FUELCELL ENERGY INC,Industrials,United States,NASDAQ,USD,mapped
russell_2500_proxy,SFD,SFD,SMITHFIELD FOODS INC,Consumer Staples,United States,NASDAQ,USD,mapped
russell_2500_proxy,OI,OI,O I GLASS,Materials,United States,NYSE,USD,mapped
russell_2500_proxy,ASTE,ASTE,ASTEC INDUSTRIES,Industrials,United States,NASDAQ,USD,mapped
russell_2500_proxy,LBRX,LBRX,LB PHARMACEUTICALS INC,Health Care,United States,NASDAQ,USD,mapped
russell_2500_proxy,NX,NX,QUANEX BUILDING PRODUCTS CORP,Industrials,United States,NYSE,USD,mapped
russell_2500_proxy,TRST,TRST,TRUSTCO BANK CORP,Financials,United States,NASDAQ,USD,mapped
russell_2500_proxy,PLSE,PLSE,PULSE BIOSCIENCES INC,Health Care,United States,NASDAQ,USD,mapped
russell_2500_proxy,GOLD,GOLD,GOLD INC,Consumer Discretionary,United States,NYSE,USD,mapped
russell_2500_proxy,CIM,CIM,CHIMERA INVESTMENT,Financials,United States,NYSE,USD,mapped
russell_2500_proxy,CCO,CCO,CLEAR CHANNEL OUTDOOR HOLDINGS INC,Communication,United States,NYSE,USD,mapped
russell_2500_proxy,AMAL,AMAL,AMALGAMATED FINANCIAL CORP,Financials,United States,NASDAQ,USD,mapped
russell_2500_proxy,UTL,UTL,UNITIL CORP,Utilities,United States,NYSE,USD,mapped
russell_2500_proxy,PLOW,PLOW,DOUGLAS DYNAMICS INC,Industrials,United States,NYSE,USD,mapped
russell_2500_proxy,GLUE,GLUE,MONTE ROSA THERAPEUTICS,Health Care,United States,NASDAQ,USD,mapped
russell_2500_proxy,TGLS,TGLS,TECNOGLASS HOLDINGS,Industrials,United States,NYSE,USD,mapped
russell_2500_proxy,GNK,GNK,GENCO SHIPPING AND TRADING,Industrials,United States,NYSE,USD,mapped
russell_2500_proxy,EIG,EIG,EMPLOYERS HOLDINGS,Financials,United States,NYSE,USD,mapped
russell_2500_proxy,PMT,PMT,PENNYMAC MORTGAGE INVESTMENT TRUST,Financials,United States,NYSE,USD,mapped
russell_2500_proxy,TRAX,TRAX,FIRST TRACKS BIOTHERAPEUTICS INC,Health Care,United States,NASDAQ,USD,mapped
russell_2500_proxy,HAFC,HAFC,HANMI FINANCIAL CORP,Financials,United States,NASDAQ,USD,mapped
russell_2500_proxy,CRK,CRK,COMSTOCK RESOURCES,Energy,United States,NYSE,USD,mapped
russell_2500_proxy,SBSI,SBSI,SOUTHSIDE BANCSHARES INC,Financials,United States,NYSE,USD,mapped
russell_2500_proxy,SMP,SMP,STANDARD MOTOR PRODUCTS INC,Consumer Discretionary,United States,NYSE,USD,mapped
russell_2500_proxy,NVGS,NVGS,NAVIGATOR HOLDINGS,Energy,United Kingdom,NYSE,USD,mapped
russell_2500_proxy,WMK,WMK,WEIS MARKETS,Consumer Staples,United States,NYSE,USD,mapped
russell_2500_proxy,ZBIO,ZBIO,ZENAS BIOPHARMA,Health Care,United States,NASDAQ,USD,mapped
russell_2500_proxy,TRUP,TRUP,TRUPANION,Financials,United States,NASDAQ,USD,mapped
russell_2500_proxy,ESQ,ESQ,ESQUIRE FINANCIAL HOLDINGS INC,Financials,United States,NASDAQ,USD,mapped
russell_2500_proxy,DJCO,DJCO,DAILY JOURNAL,Information Technology,United States,NASDAQ,USD,mapped
russell_2500_proxy,NBBK,NBBK,NB BANCORP INC,Financials,United States,NASDAQ,USD,mapped
russell_2500_proxy,PWP,PWP,PERELLA WEINBERG PARTNERS CLASS A,Financials,United States,NASDAQ,USD,mapped
russell_2500_proxy,VERX,VERX,VERTEX CLASS A,Information Technology,United States,NASDAQ,USD,mapped
russell_2500_proxy,TYRA,TYRA,TYRA BIOSCIENCES,Health Care,United States,NASDAQ,USD,mapped
russell_2500_proxy,HRTG,HRTG,HERITAGE INSURANCE HOLDINGS INC,Financials,United States,NYSE,USD,mapped
russell_2500_proxy,VOR,VOR,VOR BIOPHARMA,Health Care,United States,NASDAQ,USD,mapped
russell_2500_proxy,EE,EE,EXCELERATE ENERGY CLASS A,Energy,United States,NYSE,USD,mapped
russell_2500_proxy,RDVT,RDVT,RED VIOLET INC,Information Technology,United States,NASDAQ,USD,mapped
russell_2500_proxy,GHM,GHM,GRAHAM CORP,Industrials,United States,NYSE,USD,mapped
russell_2500_proxy,FET,FET,FORUM ENERGY TECHNOLOGIES INC,Energy,United States,NYSE,USD,mapped
russell_2500_proxy,ATEX,ATEX,ANTERIX,Communication,United States,NASDAQ,USD,mapped
russell_2500_proxy,KFRC,KFRC,KFORCE,Industrials,United States,NYSE,USD,mapped
russell_2500_proxy,RVLV,RVLV,REVOLVE GROUP CLASS A,Consumer Discretionary,United States,NYSE,USD,mapped
russell_2500_proxy,SEPN,SEPN,SEPTERNA,Health Care,United States,NASDAQ,USD,mapped
russell_2500_proxy,ODC,ODC,OIL DRI CORPORATION OF AMERICA,Consumer Staples,United States,NYSE,USD,mapped
russell_2500_proxy,COTY,COTY,COTY INC CLASS A,Consumer Staples,United States,NYSE,USD,mapped
russell_2500_proxy,MFA,MFA,MFA FINANCIAL,Financials,United States,NYSE,USD,mapped
russell_2500_proxy,BBNX,BBNX,BETA BIONICS,Health Care,United States,NASDAQ,USD,mapped
russell_2500_proxy,STGW,STGW,STAGWELL CLASS A,Communication,United States,NASDAQ,USD,mapped
russell_2500_proxy,FISI,FISI,FINANCIAL INSTITUTIONS INC,Financials,United States,NASDAQ,USD,mapped
russell_2500_proxy,TDAY,TDAY,USA TODAY INC,Communication,United States,NYSE,USD,mapped
russell_2500_proxy,WINA,WINA,WINMARK,Consumer Discretionary,United States,NASDAQ,USD,mapped
russell_2500_proxy,VRTS,VRTS,VIRTUS INVESTMENT PARTNERS,Financials,United States,NYSE,USD,mapped
russell_2500_proxy,FOXF,FOXF,FOX FACTORY HOLDING,Consumer Discretionary,United States,NASDAQ,USD,mapped
russell_2500_proxy,TH,TH,TARGET HOSPITALITY,Consumer Discretionary,United States,NASDAQ,USD,mapped
russell_2500_proxy,CRVS,CRVS,CORVUS PHARMACEUTICALS,Health Care,United States,NASDAQ,USD,mapped
russell_2500_proxy,RIGL,RIGL,RIGEL PHARMACEUTICALS,Health Care,United States,NASDAQ,USD,mapped
russell_2500_proxy,KOP,KOP,KOPPERS HOLDINGS INC,Materials,United States,NYSE,USD,mapped
russell_2500_proxy,ORRF,ORRF,ORRSTOWN FINANCIAL SERVICES INC,Financials,United States,NASDAQ,USD,mapped
russell_2500_proxy,SENEA,SENEA,SENECA FOODS CLASS A,Consumer Staples,United States,NASDAQ,USD,mapped
russell_2500_proxy,CPF,CPF,CENTRAL PACIFIC FINANCIAL CORP,Financials,United States,NYSE,USD,mapped
russell_2500_proxy,SMPL,SMPL,THE SIMPLY GOOD FOODS COMPANY,Consumer Staples,United States,NASDAQ,USD,mapped
russell_2500_proxy,EQBK,EQBK,EQUITY BANCSHARES INC CLASS A,Financials,United States,NYSE,USD,mapped
russell_2500_proxy,RPD,RPD,RAPID7,Information Technology,United States,NASDAQ,USD,mapped
russell_2500_proxy,KOPN,KOPN,KOPIN CORP,Information Technology,United States,NASDAQ,USD,mapped
russell_2500_proxy,UA,UA,UNDER ARMOUR INC CLASS C,Consumer Discretionary,United States,NYSE,USD,mapped
russell_2500_proxy,BUR,BUR,BURFORD CAPITAL LTD,Financials,United States,NYSE,USD,mapped
russell_2500_proxy,SVRA,SVRA,SAVARA,Health Care,United States,NASDAQ,USD,mapped
russell_2500_proxy,SXC,SXC,SUNCOKE ENERGY INC,Materials,United States,NYSE,USD,mapped
russell_2500_proxy,CEVA,CEVA,CEVA,Information Technology,United States,NASDAQ,USD,mapped
russell_2500_proxy,CYRX,CYRX,CRYOPORT,Health Care,United States,NASDAQ,USD,mapped
russell_2500_proxy,TK,TK,TEEKAY CORPORATION CORP LTD,Energy,Bermuda,NYSE,USD,mapped
russell_2500_proxy,MRVI,MRVI,MARAVAI LIFESCIENCES HOLDINGS INC,Health Care,United States,NASDAQ,USD,mapped
russell_2500_proxy,PCT,PCT,PURECYCLE TECHNOLOGIES,Materials,United States,NASDAQ,USD,mapped
russell_2500_proxy,MAZE,MAZE,MAZE THERAPEUTICS,Health Care,United States,NASDAQ,USD,mapped
russell_2500_proxy,RBCAA,RBCAA,REPUBLIC BANCORP INC CLASS A,Financials,United States,NASDAQ,USD,mapped
russell_2500_proxy,BZH,BZH,BEAZER HOMES,Consumer Discretionary,United States,NYSE,USD,mapped
russell_2500_proxy,ARDX,ARDX,ARDELYX,Health Care,United States,NASDAQ,USD,mapped
russell_2500_proxy,EVLV,EVLV,EVOLV TECHNOLOGIES HOLDINGS CLASS,Information Technology,United States,NASDAQ,USD,mapped
russell_2500_proxy,RUSHB,RUSHB,RUSH ENTERPRISES CLASS B,Industrials,United States,NASDAQ,USD,mapped
russell_2500_proxy,MCBS,MCBS,METROCITY BANKSHARES INC,Financials,United States,NASDAQ,USD,mapped
russell_2500_proxy,NPK,NPK,NATIONAL PRESTO INDUSTRIES INC,Industrials,United States,NYSE,USD,mapped
russell_2500_proxy,WU,WU,WESTERN UNION,Financials,United States,NYSE,USD,mapped
russell_2500_proxy,GRDN,GRDN,GUARDIAN PHARMACY SERVICES CLASS A,Health Care,United States,NYSE,USD,mapped
russell_2500_proxy,APOG,APOG,APOGEE ENTERPRISES INC,Industrials,United States,NASDAQ,USD,mapped
russell_2500_proxy,BLZE,BLZE,BACKBLAZE INC CLASS A,Information Technology,United States,NASDAQ,USD,mapped
russell_2500_proxy,SMBK,SMBK,SMARTFINANCIAL INC,Financials,United States,NYSE,USD,mapped
russell_2500_proxy,ANRO,ANRO,ALTO NEUROSCIENCE INC,Health Care,United States,NYSE,USD,mapped
russell_2500_proxy,MRTN,MRTN,MARTEN TRANSPORT,Industrials,United States,NASDAQ,USD,mapped
russell_2500_proxy,EGBN,EGBN,EAGLE BANCORP,Financials,United States,NASDAQ,USD,mapped
russell_2500_proxy,CDRE,CDRE,CADRE HOLDINGS INC,Industrials,United States,NYSE,USD,mapped
russell_2500_proxy,APEI,APEI,AMERICAN PUBLIC EDUCATION,Consumer Discretionary,United States,NASDAQ,USD,mapped
russell_2500_proxy,SAH,SAH,SONIC AUTOMOTIVE INC CLASS A,Consumer Discretionary,United States,NYSE,USD,mapped
russell_2500_proxy,SABR,SABR,SABRE,Consumer Discretionary,United States,NASDAQ,USD,mapped
russell_2500_proxy,ALRS,ALRS,ALERUS FINANCIAL CORP,Financials,United States,NASDAQ,USD,mapped
russell_2500_proxy,BBSI,BBSI,BARRETT BUSINESS SERVICES INC,Industrials,United States,NASDAQ,USD,mapped
russell_2500_proxy,LWLG,LWLG,LIGHTWAVE LOGIC,Information Technology,United States,NASDAQ,USD,mapped
russell_2500_proxy,MPB,MPB,MID PENN BANCORP INC,Financials,United States,NASDAQ,USD,mapped
russell_2500_proxy,FG,FG,F&G ANNUITIES AND LIFE INC,Financials,United States,NYSE,USD,mapped
russell_2500_proxy,TTI,TTI,TETRA TECHNOLOGIES,Energy,United States,NYSE,USD,mapped
russell_2500_proxy,ABUS,ABUS,ARBUTUS BIOPHARMA CORP,Health Care,United States,NASDAQ,USD,mapped
russell_2500_proxy,SIBN,SIBN,SI BONE,Health Care,United States,NASDAQ,USD,mapped
russell_2500_proxy,GCMG,GCMG,GCM GROSVENOR CLASS A,Financials,United States,NASDAQ,USD,mapped
russell_2500_proxy,TRNS,TRNS,TRANSCAT,Industrials,United States,NASDAQ,USD,mapped
russell_2500_proxy,AIP,AIP,ARTERIS INC,Information Technology,United States,NASDAQ,USD,mapped
russell_2500_proxy,PRAA,PRAA,PRA GROUP INC,Financials,United States,NASDAQ,USD,mapped
russell_2500_proxy,RCAT,RCAT,RED CAT HOLDINGS INC,Industrials,United States,NASDAQ,USD,mapped
russell_2500_proxy,VREX,VREX,VAREX IMAGING,Health Care,United States,NASDAQ,USD,mapped
russell_2500_proxy,WASH,WASH,WASHINGTON TRUST BANCORP INC,Financials,United States,NASDAQ,USD,mapped
russell_2500_proxy,MITK,MITK,MITEK SYSTEMS INC,Information Technology,United States,NASDAQ,USD,mapped
russell_2500_proxy,SHBI,SHBI,SHORE BANCSHARES INC,Financials,United States,NASDAQ,USD,mapped
russell_2500_proxy,FCBC,FCBC,FIRST COMMUNITY BANKSHARES INC,Financials,United States,NASDAQ,USD,mapped
russell_2500_proxy,GLIBK,GLIBK,LIBERTY CAPITAL SERIES C,Communication,United States,NASDAQ,USD,mapped
russell_2500_proxy,MTW,MTW,MANITOWOC INC,Industrials,United States,NYSE,USD,mapped
russell_2500_proxy,MGTX,MGTX,MEIRAGTX HOLDINGS PLC,Health Care,United States,NASDAQ,USD,mapped
russell_2500_proxy,AMRC,AMRC,AMERESCO INC CLASS A,Industrials,United States,NYSE,USD,mapped
russell_2500_proxy,SAFE,SAFE,SAFEHOLD INC,Real Estate,United States,NYSE,USD,mapped
russell_2500_proxy,OLMA,OLMA,OLEMA PHARMACEUTICALS,Health Care,United States,NASDAQ,USD,mapped
russell_2500_proxy,ADAM,ADAM,ADAMAS,Financials,United States,NASDAQ,USD,mapped
russell_2500_proxy,AMPH,AMPH,AMPHASTAR PHARMACEUTICALS,Health Care,United States,NASDAQ,USD,mapped
russell_2500_proxy,ODD,ODD,ODDITY TECH CLASS A,Consumer Staples,Israel,NASDAQ,USD,mapped
russell_2500_proxy,BV,BV,BRIGHTVIEW HOLDINGS,Industrials,United States,NYSE,USD,mapped
russell_2500_proxy,SVC,SVC,SERVICE PROPERTIES TRUST,Real Estate,United States,NASDAQ,USD,mapped
russell_2500_proxy,TE,TE,T1 ENERGY,Information Technology,United States,NYSE,USD,mapped
russell_2500_proxy,LINC,LINC,LINCOLN EDUCATIONAL SERVICES CORP,Consumer Discretionary,United States,NASDAQ,USD,mapped
russell_2500_proxy,CASS,CASS,CASS INFORMATION SYSTEMS INC,Financials,United States,NASDAQ,USD,mapped
russell_2500_proxy,CODI,CODI,COMPASS DIVERSIFIED,Financials,United States,NYSE,USD,mapped
russell_2500_proxy,LIF,LIF,LIFE360,Information Technology,United States,NASDAQ,USD,mapped
russell_2500_proxy,CMP,CMP,COMPASS MINERALS INTERNATIONAL,Materials,United States,NYSE,USD,mapped
russell_2500_proxy,BKSY,BKSY,BLACKSKY TECHNOLOGY CLASS A,Industrials,United States,NYSE,USD,mapped
russell_2500_proxy,QDEL,QDEL,QUIDELORTHO CORP,Health Care,United States,NASDAQ,USD,mapped
russell_2500_proxy,FIZZ,FIZZ,NATIONAL BEVERAGE,Consumer Staples,United States,NASDAQ,USD,mapped
russell_2500_proxy,WGO,WGO,WINNEBAGO INDUSTRIES,Consumer Discretionary,United States,NYSE,USD,mapped
russell_2500_proxy,FSBC,FSBC,FIVE STAR BANCORP,Financials,United States,NASDAQ,USD,mapped
russell_2500_proxy,VPG,VPG,VISHAY PRECISION GROUP,Information Technology,United States,NYSE,USD,mapped
russell_2500_proxy,PGC,PGC,PEAPACK GLADSTONE FINANCIAL CORP,Financials,United States,NASDAQ,USD,mapped
russell_2500_proxy,GDOT,GDOT,GREEN DOT CLASS A,Financials,United States,NYSE,USD,mapped
russell_2500_proxy,DRVN,DRVN,DRIVEN BRANDS HOLDINGS,Consumer Discretionary,United States,NASDAQ,USD,mapped
russell_2500_proxy,CBC,CBC,CENTRAL BANCOMPANY CLASS A,Financials,United States,NASDAQ,USD,mapped
russell_2500_proxy,NNE,NNE,NANO NUCLEAR ENERGY,Industrials,United States,NASDAQ,USD,mapped
russell_2500_proxy,PFBC,PFBC,PREFERRED BANK,Financials,United States,NASDAQ,USD,mapped
russell_2500_proxy,LZ,LZ,LEGALZOOM COM,Industrials,United States,NASDAQ,USD,mapped
russell_2500_proxy,COLL,COLL,COLLEGIUM PHARMACEUTICAL,Health Care,United States,NASDAQ,USD,mapped
russell_2500_proxy,SMBC,SMBC,SOUTHERN MISSOURI BANCORP INC,Financials,United States,NASDAQ,USD,mapped
russell_2500_proxy,GERN,GERN,GERON,Health Care,United States,NASDAQ,USD,mapped
russell_2500_proxy,BKV,BKV,BKV,Energy,United States,NYSE,USD,mapped
russell_2500_proxy,BETA,BETA,BETA TECHNOLOGIES CLASS A,Industrials,United States,NYSE,USD,mapped
russell_2500_proxy,CCBG,CCBG,CAPITAL CITY BANK INC,Financials,United States,NASDAQ,USD,mapped
russell_2500_proxy,FLOC,FLOC,FLOWCO HOLDINGS CLASS A,Energy,United States,NYSE,USD,mapped
russell_2500_proxy,JANX,JANX,JANUX THERAPEUTICS,Health Care,United States,NASDAQ,USD,mapped
russell_2500_proxy,BHB,BHB,BAR HARBOR BANKSHARES,Financials,United States,Nyse Mkt Llc,USD,mapped
russell_2500_proxy,IBCP,IBCP,INDEPENDENT BANK CORP,Financials,United States,NASDAQ,USD,mapped
russell_2500_proxy,SG,SG,SWEETGREEN CLASS A,Consumer Discretionary,United States,NYSE,USD,mapped
russell_2500_proxy,PAHC,PAHC,PHIBRO ANIMAL HEALTH CORP CLASS A,Health Care,United States,NASDAQ,USD,mapped
russell_2500_proxy,NHP,NHP,NATIONAL HEALTHCARE PROPERTIES CLA,Real Estate,United States,NASDAQ,USD,mapped
russell_2500_proxy,STAA,STAA,STAAR SURGICAL,Health Care,United States,NASDAQ,USD,mapped
russell_2500_proxy,PFIS,PFIS,PEOPLES FINANCIAL SERVICES CORP,Financials,United States,NASDAQ,USD,mapped
russell_2500_proxy,HTB,HTB,HOMETRUST BANCSHARES INC,Financials,United States,NYSE,USD,mapped
russell_2500_proxy,CADL,CADL,CANDEL THERAPEUTICS INC,Health Care,United States,NASDAQ,USD,mapped
russell_2500_proxy,MLR,MLR,MILLER INDUSTRIES INC,Industrials,United States,NYSE,USD,mapped
russell_2500_proxy,CMRE,CMRE,COSTAMARE,Industrials,Monaco,NYSE,USD,mapped
russell_2500_proxy,ELE,ELE,ELEMENTAL ROYALTY CORP,Materials,Canada,NASDAQ,USD,mapped
russell_2500_proxy,HSTM,HSTM,HEALTHSTREAM,Health Care,United States,NASDAQ,USD,mapped
russell_2500_proxy,MTUS,MTUS,METALLUS INC,Materials,United States,NYSE,USD,mapped
russell_2500_proxy,PRKS,PRKS,UNITED PARKS AND RESORTS,Consumer Discretionary,United States,NYSE,USD,mapped
russell_2500_proxy,XE,XE,X-ENERGY INC CLASS A,Industrials,United States,NASDAQ,USD,mapped
russell_2500_proxy,OMDA,OMDA,OMADA HEALTH,Health Care,United States,NASDAQ,USD,mapped
russell_2500_proxy,CARE,CARE,CARTER BANKSHARES INC,Financials,United States,NASDAQ,USD,mapped
russell_2500_proxy,AVO,AVO,MISSION PRODUCE INC,Consumer Staples,United States,NASDAQ,USD,mapped
russell_2500_proxy,DC,DC,DAKOTA GOLD CORP,Materials,United States,Nyse Mkt Llc,USD,mapped
russell_2500_proxy,MMI,MMI,MARCUS & MILLICHAP INC,Real Estate,United States,NYSE,USD,mapped
russell_2500_proxy,ZVRA,ZVRA,ZEVRA THERAPEUTICS INC,Health Care,United States,NASDAQ,USD,mapped
russell_2500_proxy,IRWD,IRWD,IRONWOOD PHARMA CLASS A,Health Care,United States,NASDAQ,USD,mapped
russell_2500_proxy,AVTX,AVTX,AVALO THERAPEUTICS,Health Care,United States,NASDAQ,USD,mapped
russell_2500_proxy,SLDB,SLDB,SOLID BIOSCIENCES INC,Health Care,United States,NASDAQ,USD,mapped
russell_2500_proxy,BLMN,BLMN,BLOOMIN BRANDS INC,Consumer Discretionary,United States,NASDAQ,USD,mapped
russell_2500_proxy,WOLF,WOLF,WOLFSPEED INC,Information Technology,United States,NYSE,USD,mapped
russell_2500_proxy,OSPN,OSPN,ONESPAN,Information Technology,United States,NASDAQ,USD,mapped
russell_2500_proxy,TBPH,TBPH,THERAVANCE BIOPHARMA,Health Care,United States,NASDAQ,USD,mapped
russell_2500_proxy,DAKT,DAKT,DAKTRONICS INC,Information Technology,United States,NASDAQ,USD,mapped
russell_2500_proxy,SPFI,SPFI,SOUTH PLAINS FINANCIAL INC,Financials,United States,NASDAQ,USD,mapped
russell_2500_proxy,AVR,AVR,ANTERIS TECHNOLOGIES GLOBAL CORP,Health Care,United States,NASDAQ,USD,mapped
russell_2500_proxy,JBGS,JBGS,JBG SMITH PROPERTIES,Real Estate,United States,NYSE,USD,mapped
russell_2500_proxy,PUBM,PUBM,PUBMATIC CLASS A,Communication,United States,NASDAQ,USD,mapped
russell_2500_proxy,IRMD,IRMD,IRADIMED,Health Care,United States,NASDAQ,USD,mapped
russell_2500_proxy,TCBX,TCBX,THIRD COAST BANCSHARES INC,Financials,United States,NYSE,USD,mapped
russell_2500_proxy,MLAB,MLAB,MESA LABORATORIES,Health Care,United States,NASDAQ,USD,mapped
russell_2500_proxy,REPX,REPX,RILEY EXPLORATION PERMIAN INC,Energy,United States,Nyse Mkt Llc,USD,mapped
russell_2500_proxy,ABR,ABR,ARBOR REALTY TRUST REIT,Financials,United States,NYSE,USD,mapped
russell_2500_proxy,CTO,CTO,CTO REALTY GROWTH INC,Real Estate,United States,NYSE,USD,mapped
russell_2500_proxy,CBLL,CBLL,CERIBELL,Health Care,United States,NASDAQ,USD,mapped
russell_2500_proxy,ASC,ASC,ARDMORE SHIPPING CORP,Energy,Bermuda,NYSE,USD,mapped
russell_2500_proxy,AROW,AROW,ARROW FINANCIAL CORP,Financials,United States,NASDAQ,USD,mapped
russell_2500_proxy,ACNB,ACNB,ACNB CORP,Financials,United States,NASDAQ,USD,mapped
russell_2500_proxy,CRSR,CRSR,CORSAIR GAMING INC,Information Technology,United States,NASDAQ,USD,mapped
russell_2500_proxy,PAX,PAX,PATRIA INVESTMENTS LTD CLASS A,Financials,Brazil,NASDAQ,USD,mapped
russell_2500_proxy,FDMT,FDMT,4D MOLECULAR THERAPEUTICS INC,Health Care,United States,NASDAQ,USD,mapped
russell_2500_proxy,FLNC,FLNC,FLUENCE ENERGY INC CLASS A,Industrials,United States,NASDAQ,USD,mapped
russell_2500_proxy,LXU,LXU,LSB INDUSTRIES,Materials,United States,NYSE,USD,mapped
russell_2500_proxy,MSBI,MSBI,MIDLAND STATES BANCORP INC,Financials,United States,NASDAQ,USD,mapped
russell_2500_proxy,LYTS,LYTS,LSI INDUSTRIES INC,Industrials,United States,NASDAQ,USD,mapped
russell_2500_proxy,INDI,INDI,INDIE SEMICONDUCTOR INC CLASS A,Information Technology,United States,NASDAQ,USD,mapped
russell_2500_proxy,PZZA,PZZA,PAPA JOHNS INTERNATIONAL INC,Consumer Discretionary,United States,NASDAQ,USD,mapped
russell_2500_proxy,MATV,MATV,MATIV HOLDINGS,Materials,United States,NYSE,USD,mapped
russell_2500_proxy,PAR,PAR,PAR TECHNOLOGY,Information Technology,United States,NYSE,USD,mapped
russell_2500_proxy,ROOT,ROOT,ROOT INC CLASS A,Financials,United States,NASDAQ,USD,mapped
russell_2500_proxy,CCSI,CCSI,CONSENSUS CLOUD SOLUTIONS INC,Information Technology,United States,NASDAQ,USD,mapped
russell_2500_proxy,CLVT,CLVT,CLARIVATE PLC,Industrials,United States,NYSE,USD,mapped
russell_2500_proxy,PSTL,PSTL,POSTAL REALTY TRUST CLASS A,Real Estate,United States,NYSE,USD,mapped
russell_2500_proxy,GSBC,GSBC,GREAT SOUTHERN BANCORP INC,Financials,United States,NASDAQ,USD,mapped
russell_2500_proxy,AMBP,AMBP,ARDAGH METAL PACKAGING SA,Materials,United States,NYSE,USD,mapped
russell_2500_proxy,SGMT,SGMT,SAGIMET BIOSCIENCES SERIES A,Health Care,United States,NASDAQ,USD,mapped
russell_2500_proxy,OPK,OPK,OPKO HEALTH,Health Care,United States,NASDAQ,USD,mapped
russell_2500_proxy,MCS,MCS,THE MARCUS CORP,Communication,United States,NYSE,USD,mapped
russell_2500_proxy,KODK,KODK,EASTMAN KODAK,Information Technology,United States,NYSE,USD,mapped
russell_2500_proxy,ANNX,ANNX,ANNEXON,Health Care,United States,NASDAQ,USD,mapped
russell_2500_proxy,ACRS,ACRS,ACLARIS THERAPEUTICS,Health Care,United States,NASDAQ,USD,mapped
russell_2500_proxy,CWBC,CWBC,COMMUNITY WEST BANCSHARES,Financials,United States,NASDAQ,USD,mapped
russell_2500_proxy,KMTS,KMTS,KESTRA MEDICAL TECHNOLOGIES,Health Care,United States,NASDAQ,USD,mapped
russell_2500_proxy,PTRN,PTRN,PATTERN GROUP SERIES A,Consumer Discretionary,United States,NASDAQ,USD,mapped
russell_2500_proxy,HIPO,HIPO,HIPPO HOLDINGS,Financials,United States,NYSE,USD,mapped
russell_2500_proxy,NAVI,NAVI,NAVIENT,Financials,United States,NASDAQ,USD,mapped
russell_2500_proxy,EVER,EVER,EVERQUOTE CLASS A,Communication,United States,NASDAQ,USD,mapped
russell_2500_proxy,MMED,MMED,MINIMED INC,Health Care,United States,NASDAQ,USD,mapped
russell_2500_proxy,EGY,EGY,VAALCO ENERGY INC,Energy,United States,NYSE,USD,mapped
russell_2500_proxy,ALT,ALT,ALTIMMUNE INC,Health Care,United States,NASDAQ,USD,mapped
russell_2500_proxy,HELE,HELE,HELEN OF TROY LTD,Consumer Discretionary,United States,NASDAQ,USD,mapped
russell_2500_proxy,CTKB,CTKB,CYTEK BIOSCIENCES,Health Care,United States,NASDAQ,USD,mapped
russell_2500_proxy,HPP,HPP,HUDSON PACIFIC PROPERTIES REIT,Real Estate,United States,NYSE,USD,mapped
russell_2500_proxy,AOSL,AOSL,ALPHA AND OMEGA SEMICONDUCTOR,Information Technology,United States,NASDAQ,USD,mapped
russell_2500_proxy,GOOD,GOOD,GLADSTONE COMMERCIAL REIT CORP,Real Estate,United States,NASDAQ,USD,mapped
russell_2500_proxy,CXM,CXM,SPRINKLR CLASS A,Information Technology,United States,NYSE,USD,mapped
russell_2500_proxy,WLFC,WLFC,WILLIS LEASE FINANCE,Industrials,United States,NASDAQ,USD,mapped
russell_2500_proxy,IVR,IVR,INVESCO MORTGAGE CAPITAL REIT INC,Financials,United States,NYSE,USD,mapped
russell_2500_proxy,BOW,BOW,BOWHEAD SPECIALTY HOLDINGS,Financials,United States,NYSE,USD,mapped
russell_2500_proxy,MATW,MATW,MATTHEWS INTERNATIONAL CORP CLASS,Consumer Discretionary,United States,NASDAQ,USD,mapped
russell_2500_proxy,MCHB,MCHB,MECHANICS BANCORP CLASS A,Financials,United States,NASDAQ,USD,mapped
russell_2500_proxy,FWRG,FWRG,FIRST WATCH RESTAURANT GROUP,Consumer Discretionary,United States,NASDAQ,USD,mapped
russell_2500_proxy,UAMY,UAMY,UNITED STATES ANTIMONY CORP,Materials,United States,NYSE,USD,mapped
russell_2500_proxy,KE,KE,KIMBALL ELECTRONICS INC,Information Technology,United States,NASDAQ,USD,mapped
russell_2500_proxy,RES,RES,RPC INC,Energy,United States,NYSE,USD,mapped
russell_2500_proxy,ALMS,ALMS,ALUMIS,Health Care,United States,NASDAQ,USD,mapped
russell_2500_proxy,BVS,BVS,BIOVENTUS CLASS A,Health Care,United States,NASDAQ,USD,mapped
russell_2500_proxy,KRNY,KRNY,KEARNY FINANCIAL CORP,Financials,United States,NASDAQ,USD,mapped
russell_2500_proxy,INN,INN,SUMMIT HOTEL PROPERTIES REIT INC,Real Estate,United States,NYSE,USD,mapped
russell_2500_proxy,ACHV,ACHV,ACHIEVE LIFE SCIENCES,Health Care,United States,NASDAQ,USD,mapped
russell_2500_proxy,CNNE,CNNE,CANNAE HOLDINGS INC,Financials,United States,NYSE,USD,mapped
russell_2500_proxy,WVE,WVE,WAVE LIFE SCIENCES INC,Health Care,United States,NASDAQ,USD,mapped
russell_2500_proxy,ARRY,ARRY,ARRAY TECHNOLOGIES INC,Industrials,United States,NASDAQ,USD,mapped
russell_2500_proxy,CIVB,CIVB,CIVISTA BANCSHARES INC,Financials,United States,NASDAQ,USD,mapped
russell_2500_proxy,CCB,CCB,COASTAL FINANCIAL CORP,Financials,United States,NASDAQ,USD,mapped
russell_2500_proxy,BWMN,BWMN,BOWMAN CONSULTING GROUP,Industrials,United States,NASDAQ,USD,mapped
russell_2500_proxy,SPT,SPT,SPROUT SOCIAL CLASS A,Information Technology,United States,NASDAQ,USD,mapped
russell_2500_proxy,NTGR,NTGR,NETGEAR,Information Technology,United States,NASDAQ,USD,mapped
russell_2500_proxy,FBIZ,FBIZ,FIRST BUSINESS FINANCIAL SERVICES,Financials,United States,NASDAQ,USD,mapped
russell_2500_proxy,GIC,GIC,GLOBAL INDUSTRIAL,Industrials,United States,NYSE,USD,mapped
russell_2500_proxy,ESRT,ESRT,EMPIRE STATE REALTY REIT CLASS A,Real Estate,United States,NYSE,USD,mapped
russell_2500_proxy,ONT,ONT,ONTERRIS,Industrials,United States,NYSE,USD,mapped
russell_2500_proxy,SWBI,SWBI,SMITH WESSON BRANDS INC,Consumer Discretionary,United States,NASDAQ,USD,mapped
russell_2500_proxy,VSTM,VSTM,VERASTEM INC,Health Care,United States,NASDAQ,USD,mapped
russell_2500_proxy,FBRT,FBRT,FRANKLIN BSP REALTY TRUST,Financials,United States,NYSE,USD,mapped
russell_2500_proxy,HBT,HBT,HBT FINANCIAL INC,Financials,United States,NASDAQ,USD,mapped
russell_2500_proxy,AHCO,AHCO,ADAPTHEALTH,Health Care,United States,NASDAQ,USD,mapped
russell_2500_proxy,CLDT,CLDT,CHATHAM LODGING TRUST REIT,Real Estate,United States,NYSE,USD,mapped
russell_2500_proxy,KLRA,KLRA,KAILERA THERAPEUTICS INC,Health Care,United States,NASDAQ,USD,mapped
russell_2500_proxy,JBI,JBI,JANUS INTERNATIONAL GROUP,Industrials,United States,NYSE,USD,mapped
russell_2500_proxy,NRIM,NRIM,NORTHRIM BANCORP INC,Financials,United States,NASDAQ,USD,mapped
russell_2500_proxy,SBGI,SBGI,SINCLAIR CLASS A,Communication,United States,NASDAQ,USD,mapped
russell_2500_proxy,ACEL,ACEL,ACCEL ENTERTAINMENT CLASS A,Consumer Discretionary,United States,NYSE,USD,mapped
russell_2500_proxy,SFST,SFST,SOUTHERN FIRST BANCSHARES INC,Financials,United States,NASDAQ,USD,mapped
russell_2500_proxy,CSIQ,CSIQ,CANADIAN SOLAR,Information Technology,China,NASDAQ,USD,mapped
russell_2500_proxy,FEIM,FEIM,FREQUENCY ELECTRONICS INC,Information Technology,United States,NASDAQ,USD,mapped
russell_2500_proxy,NXDR,NXDR,NEXTDOOR HOLDINGS CLASS A,Communication,United States,NYSE,USD,mapped
russell_2500_proxy,NRGV,NRGV,ENERGY VAULT HOLDINGS,Industrials,United States,NYSE,USD,mapped
russell_2500_proxy,ENVX,ENVX,ENOVIX,Industrials,United States,NASDAQ,USD,mapped
russell_2500_proxy,HSHP,HSHP,HIMALAYA SHIPPING LTD,Industrials,Norway,NYSE,USD,mapped
russell_2500_proxy,VTS,VTS,VITESSE ENERGY INC,Energy,United States,NYSE,USD,mapped
russell_2500_proxy,CRMD,CRMD,CORMEDIX,Health Care,United States,NASDAQ,USD,mapped
russell_2500_proxy,SOC,SOC,SABLE OFFSHORE CLASS A,Energy,United States,NYSE,USD,mapped
russell_2500_proxy,BXC,BXC,BLUELINX HOLDINGS,Industrials,United States,NYSE,USD,mapped
russell_2500_proxy,ZGN,ZGN,ERMENEGILDO ZEGNA NV,Consumer Discretionary,Italy,NYSE,USD,mapped
russell_2500_proxy,IIIN,IIIN,INSTEEL INDUSTRIES INC,Industrials,United States,NYSE,USD,mapped
russell_2500_proxy,BCAL,BCAL,CALIFORNIA BANCORP,Financials,United States,NASDAQ,USD,mapped
russell_2500_proxy,ANGO,ANGO,ANGIODYNAMICS,Health Care,United States,NASDAQ,USD,mapped
russell_2500_proxy,SANA,SANA,SANA BIOTECHNOLOGY,Health Care,United States,NASDAQ,USD,mapped
russell_2500_proxy,MDXG,MDXG,MIMEDX GROUP,Health Care,United States,NASDAQ,USD,mapped
russell_2500_proxy,PAYS,PAYS,PAYSIGN INC,Financials,United States,NASDAQ,USD,mapped
russell_2500_proxy,AVLN,AVLN,AVALYN PHARMA INC,Health Care,United States,NASDAQ,USD,mapped
russell_2500_proxy,EBF,EBF,ENNIS INC,Industrials,United States,NYSE,USD,mapped
russell_2500_proxy,LPTH,LPTH,LIGHTPATH TECHNOLOGIES INC CLASS A,Information Technology,United States,NASDAQ,USD,mapped
russell_2500_proxy,ALX,ALX,ALEXANDERS REIT INC,Real Estate,United States,NYSE,USD,mapped
russell_2500_proxy,LCID,LCID,LUCID GROUP,Consumer Discretionary,United States,NASDAQ,USD,mapped
russell_2500_proxy,JBIO,JBIO,JADE BIOSCIENCES,Health Care,United States,NASDAQ,USD,mapped
russell_2500_proxy,CTOS,CTOS,CUSTOM TRUCK ONE SOURCE,Industrials,United States,NYSE,USD,mapped
russell_2500_proxy,SHEN,SHEN,SHENANDOAH TELECOMMUNICATIONS,Communication,United States,NASDAQ,USD,mapped
russell_2500_proxy,GDYN,GDYN,GRID DYNAMICS HOLDINGS CLASS A,Information Technology,United States,NASDAQ,USD,mapped
russell_2500_proxy,PKE,PKE,PARK AEROSPACE CORP,Industrials,United States,NYSE,USD,mapped
russell_2500_proxy,OOMA,OOMA,OOMA,Information Technology,United States,NYSE,USD,mapped
russell_2500_proxy,LMB,LMB,LIMBACH HOLDINGS INC,Industrials,United States,NASDAQ,USD,mapped
russell_2500_proxy,HOV,HOV,HOVNANIAN ENTERPRISES CLASS A,Consumer Discretionary,United States,NYSE,USD,mapped
russell_2500_proxy,SCHL,SCHL,SCHOLASTIC,Communication,United States,NASDAQ,USD,mapped
russell_2500_proxy,RGR,RGR,STURM RUGER,Consumer Discretionary,United States,NYSE,USD,mapped
russell_2500_proxy,GEF B,GEF-B,GREIF INC CLASS B,Materials,United States,NYSE,USD,mapped
russell_2500_proxy,ADTN,ADTN,ADTRAN HOLDINGS INC,Information Technology,United States,NASDAQ,USD,mapped
russell_2500_proxy,YEXT,YEXT,YEXT,Information Technology,United States,NYSE,USD,mapped
russell_2500_proxy,CDNL,CDNL,CARDINAL INFRASTRUCTURE GROUP INC,Industrials,United States,NASDAQ,USD,mapped
russell_2500_proxy,XMAX,XMAX,XMAX INC,Consumer Discretionary,United States,NASDAQ,USD,mapped
russell_2500_proxy,JBSS,JBSS,JOHN B SANFILIPPO AND SON,Consumer Staples,United States,NASDAQ,USD,mapped
russell_2500_proxy,NVRI,NVRI,ENVIRI CORP,Industrials,United States,NYSE,USD,mapped
russell_2500_proxy,CLB,CLB,CORE LABORATORIES,Energy,United States,NYSE,USD,mapped
russell_2500_proxy,RRBI,RRBI,RED RIVER BANCSHARES INC,Financials,United States,NASDAQ,USD,mapped
russell_2500_proxy,UHT,UHT,UNIVERSAL HEALTH REALTY INCOME TRU,Real Estate,United States,NYSE,USD,mapped
russell_2500_proxy,CVLG,CVLG,COVENANT LOGISTICS GROUP INC CLASS,Industrials,United States,NYSE,USD,mapped
russell_2500_proxy,SLDP,SLDP,SOLID POWER CLASS A,Consumer Discretionary,United States,NASDAQ,USD,mapped
russell_2500_proxy,HNRG,HNRG,HALLADOR ENERGY,Utilities,United States,NASDAQ,USD,mapped
russell_2500_proxy,CARS,CARS,CARS.COM INC,Communication,United States,NYSE,USD,mapped
russell_2500_proxy,IMMX,IMMX,IMMIX BIOPHARMA,Health Care,United States,NASDAQ,USD,mapped
russell_2500_proxy,FMAO,FMAO,FARMERS AND MERCHANTS BANCORP INC,Financials,United States,NASDAQ,USD,mapped
russell_2500_proxy,HIFS,HIFS,HINGHAM INSTITUTION FOR SAVINGS,Financials,United States,NASDAQ,USD,mapped
russell_2500_proxy,CERS,CERS,CERUS CORP,Health Care,United States,NASDAQ,USD,mapped
russell_2500_proxy,BSRR,BSRR,SIERRA BANCORP,Financials,United States,NASDAQ,USD,mapped
russell_2500_proxy,HBCP,HBCP,HOME BANCORP INC,Financials,United States,NASDAQ,USD,mapped
russell_2500_proxy,MNTN,MNTN,MNTN CLASS A,Communication,United States,NYSE,USD,mapped
russell_2500_proxy,TRTX,TRTX,TPG RE FINANCE TRUST INC,Financials,United States,NYSE,USD,mapped
russell_2500_proxy,HYLN,HYLN,HYLIION HOLDINGS CORP,Industrials,United States,Nyse Mkt Llc,USD,mapped
russell_2500_proxy,RYAM,RYAM,RAYONIER ADVANCED MATERIALS,Materials,United States,NYSE,USD,mapped
russell_2500_proxy,AMSF,AMSF,AMERISAFE INC,Financials,United States,NASDAQ,USD,mapped
russell_2500_proxy,SATL,SATL,SATELLOGIC CLASS A,Industrials,United States,NASDAQ,USD,mapped
russell_2500_proxy,FOR,FOR,FORESTAR GROUP INC,Real Estate,United States,NYSE,USD,mapped
russell_2500_proxy,NB,NB,NIOCORP DEVELOPMENTS,Materials,United States,NASDAQ,USD,mapped
russell_2500_proxy,PHR,PHR,PHREESIA,Health Care,United States,NYSE,USD,mapped
russell_2500_proxy,MOV,MOV,MOVADO GROUP INC,Consumer Discretionary,United States,NYSE,USD,mapped
russell_2500_proxy,VRRM,VRRM,VERRA MOBILITY CLASS A,Industrials,United States,NASDAQ,USD,mapped
russell_2500_proxy,ETD,ETD,ETHAN ALLEN INTERIORS,Consumer Discretionary,United States,NYSE,USD,mapped
russell_2500_proxy,TCMD,TCMD,TACTILE SYSTEMS TECHNOLOGY,Health Care,United States,NASDAQ,USD,mapped
russell_2500_proxy,DDD,DDD,3D SYSTEMS CORP,Industrials,United States,NYSE,USD,mapped
russell_2500_proxy,UHAL,UHAL,U HAUL HOLDING,Industrials,United States,NYSE,USD,mapped
russell_2500_proxy,GSM,GSM,FERROGLOBE PLC,Materials,United States,NASDAQ,USD,mapped
russell_2500_proxy,HNST,HNST,THE HONEST COMPANY,Consumer Staples,United States,NASDAQ,USD,mapped
russell_2500_proxy,BTBT,BTBT,BIT DIGITAL,Information Technology,United States,NASDAQ,USD,mapped
russell_2500_proxy,TROX,TROX,TRONOX HOLDINGS PLC,Materials,United States,NYSE,USD,mapped
russell_2500_proxy,COFS,COFS,CHOICEONE FINANCIAL SERVICES INC,Financials,United States,NASDAQ,USD,mapped
russell_2500_proxy,TITN,TITN,TITAN MACHINERY INC,Industrials,United States,NASDAQ,USD,mapped
russell_2500_proxy,STLN,STLN,STARLING ONCOLOGY,Health Care,United States,NASDAQ,USD,mapped
russell_2500_proxy,BDN,BDN,BRANDYWINE REALTY TRUST REIT,Real Estate,United States,NYSE,USD,mapped
russell_2500_proxy,CAPR,CAPR,CAPRICOR THERAPEUTICS,Health Care,United States,NASDAQ,USD,mapped
russell_2500_proxy,CTMX,CTMX,CYTOMX THERAPEUTICS,Health Care,United States,NASDAQ,USD,mapped
russell_2500_proxy,BRSP,BRSP,BRIGHTSPIRE CAPITAL CLASS A,Financials,United States,NYSE,USD,mapped
russell_2500_proxy,AQST,AQST,AQUESTIVE THERAPEUTICS,Health Care,United States,NASDAQ,USD,mapped
russell_2500_proxy,CTGO,CTGO,CONTANGO SILVER AND GOLD INC,Materials,United States,Nyse Mkt Llc,USD,mapped
russell_2500_proxy,SB,SB,SAFE BULKERS,Industrials,Monaco,NYSE,USD,mapped
russell_2500_proxy,CLYM,CLYM,CLIMB BIO INC,Health Care,United States,NASDAQ,USD,mapped
russell_2500_proxy,LXRX,LXRX,LEXICON PHARMACEUTICALS,Health Care,United States,NASDAQ,USD,mapped
russell_2500_proxy,EVC,EVC,ENTRAVISION COMMUNICATIONS CORP CL,Communication,United States,NYSE,USD,mapped
russell_2500_proxy,YORW,YORW,YORK WATER,Utilities,United States,NASDAQ,USD,mapped
russell_2500_proxy,KELYA,KELYA,KELLY SERVICES INC CLASS A,Industrials,United States,NASDAQ,USD,mapped
russell_2500_proxy,NMAX,NMAX,NEWSMAX CLASS B,Communication,United States,NYSE,USD,mapped
russell_2500_proxy,NXRT,NXRT,NEXPOINT RESIDENTIAL TRUST INC,Real Estate,United States,NYSE,USD,mapped
russell_2500_proxy,NVEC,NVEC,NVE CORP,Information Technology,United States,NASDAQ,USD,mapped
russell_2500_proxy,WTBA,WTBA,WEST BANCORPORATION INC,Financials,United States,NASDAQ,USD,mapped
russell_2500_proxy,OBT,OBT,ORANGE COUNTY BANCORP INC,Financials,United States,NASDAQ,USD,mapped
russell_2500_proxy,ATLC,ATLC,ATLANTICUS HOLDINGS CORP,Financials,United States,NASDAQ,USD,mapped
russell_2500_proxy,ARVN,ARVN,ARVINAS,Health Care,United States,NASDAQ,USD,mapped
russell_2500_proxy,WEAV,WEAV,WEAVE COMMUNICATIONS,Information Technology,United States,NYSE,USD,mapped
russell_2500_proxy,AHRT,AHRT,AH REALTY INC,Real Estate,United States,NYSE,USD,mapped
russell_2500_proxy,JCAP,JCAP,JEFFERSON CAPITAL INC,Financials,United States,NASDAQ,USD,mapped
russell_2500_proxy,MAMA,MAMA,MAMAS CREATIONS INC,Consumer Staples,United States,NASDAQ,USD,mapped
russell_2500_proxy,WNC,WNC,WABASH NATIONAL,Industrials,United States,NYSE,USD,mapped
russell_2500_proxy,OABI,OABI,OMNIAB INC,Health Care,United States,NASDAQ,USD,mapped
russell_2500_proxy,AKTS,AKTS,AKTIS ONCOLOGY INC,Health Care,United States,NASDAQ,USD,mapped
russell_2500_proxy,CLMB,CLMB,CLIMB GLOBAL SOLUTIONS INC,Information Technology,United States,NASDAQ,USD,mapped
russell_2500_proxy,RWT,RWT,REDWOOD TRUST REIT,Financials,United States,NYSE,USD,mapped
russell_2500_proxy,RPC,RPC,RIDGEPOST CAPITAL INC CLASS A,Financials,United States,NYSE,USD,mapped
russell_2500_proxy,MEI,MEI,METHODE ELECTRONICS,Information Technology,United States,NYSE,USD,mapped
russell_2500_proxy,OIS,OIS,OIL STATES INTERNATIONAL,Energy,United States,NYSE,USD,mapped
russell_2500_proxy,RHLD,RHLD,RESOLUTE HOLDINGS MANAGEMENT INC,Industrials,United States,NYSE,USD,mapped
russell_2500_proxy,TBLA,TBLA,TABOOLA.COM LTD,Communication,United States,NASDAQ,USD,mapped
russell_2500_proxy,PKOH,PKOH,PARK OHIO HOLDINGS CORP,Industrials,United States,NASDAQ,USD,mapped
russell_2500_proxy,TIPT,TIPT,TIPTREE INC,Financials,United States,NASDAQ,USD,mapped
russell_2500_proxy,RBB,RBB,RBB BANCORP,Financials,United States,NASDAQ,USD,mapped
russell_2500_proxy,WRLD,WRLD,WORLD ACCEPTANCE CORP,Financials,United States,NASDAQ,USD,mapped
russell_2500_proxy,EOLS,EOLS,EVOLUS INC,Health Care,United States,NASDAQ,USD,mapped
russell_2500_proxy,DCTH,DCTH,DELCATH SYS INC,Health Care,United States,NASDAQ,USD,mapped
russell_2500_proxy,XRN,XRN,CHIRON REAL ESTATE INC,Real Estate,United States,NYSE,USD,mapped
russell_2500_proxy,CRML,CRML,CRITICAL METALS CORP,Materials,United States,NASDAQ,USD,mapped
russell_2500_proxy,MNPR,MNPR,MONOPAR THERAPEUTICS,Health Care,United States,NASDAQ,USD,mapped
russell_2500_proxy,ALOY,ALOY,REALLOYS INC,Materials,United States,NASDAQ,USD,mapped
russell_2500_proxy,HTLD,HTLD,HEARTLAND EXPRESS INC,Industrials,United States,NASDAQ,USD,mapped
russell_2500_proxy,SD,SD,SANDRIDGE ENERGY INC,Energy,United States,NYSE,USD,mapped
russell_2500_proxy,NUAI,NUAI,NEW ERA ENERGY AND DIGITAL INC,Energy,United States,NASDAQ,USD,mapped
russell_2500_proxy,ARCT,ARCT,ARCTURUS THERAPEUTICS HOLDINGS INC,Health Care,United States,NASDAQ,USD,mapped
russell_2500_proxy,ASIX,ASIX,ADVANSIX,Materials,United States,NYSE,USD,mapped
russell_2500_proxy,FPI,FPI,FARMLAND PARTNERS INC,Real Estate,United States,NYSE,USD,mapped
russell_2500_proxy,ALLO,ALLO,ALLOGENE THERAPEUTICS,Health Care,United States,NASDAQ,USD,mapped
russell_2500_proxy,DRUG,DRUG,BRIGHT MINDS BIOSCIENCES,Health Care,United States,NASDAQ,USD,mapped
russell_2500_proxy,MBUU,MBUU,MALIBU BOATS CLASS A INC,Consumer Discretionary,United States,NASDAQ,USD,mapped
russell_2500_proxy,LXFR,LXFR,LUXFER HOLDINGS PLC,Industrials,United States,NYSE,USD,mapped
russell_2500_proxy,UNTY,UNTY,UNITY BANCORP INC,Financials,United States,NASDAQ,USD,mapped
russell_2500_proxy,ITIC,ITIC,INVESTORS TITLE,Financials,United States,NASDAQ,USD,mapped
russell_2500_proxy,BWB,BWB,BRIDGEWATER BANCSHARES INC,Financials,United States,NASDAQ,USD,mapped
russell_2500_proxy,CZNC,CZNC,CITIZENS AND NORTHERN CORP,Financials,United States,NASDAQ,USD,mapped
russell_2500_proxy,BWFG,BWFG,BANKWELL FINANCIAL GROUP INC,Financials,United States,NASDAQ,USD,mapped
russell_2500_proxy,XRX,XRX,XEROX HOLDINGS CORP,Information Technology,United States,NASDAQ,USD,mapped
russell_2500_proxy,TATT,TATT,TAT TECHNOLOGIES LTD,Industrials,Israel,NASDAQ,USD,mapped
russell_2500_proxy,URG,URG,UR ENERGY INC,Energy,United States,Nyse Mkt Llc,USD,mapped
russell_2500_proxy,CCOI,CCOI,COGENT COMMUNICATIONS HOLDINGS,Communication,United States,NASDAQ,USD,mapped
russell_2500_proxy,CMCO,CMCO,COLUMBUS MCKINNON CORP,Industrials,United States,NASDAQ,USD,mapped
russell_2500_proxy,GRPN,GRPN,GROUPON,Consumer Discretionary,United States,NASDAQ,USD,mapped
russell_2500_proxy,KRT,KRT,KARAT PACKAGING INC,Industrials,United States,NASDAQ,USD,mapped
russell_2500_proxy,AEBI,AEBI,AEBI SCHMIDT HOLDING AG,Industrials,United States,NASDAQ,USD,mapped
russell_2500_proxy,CSV,CSV,CARRIAGE SERVICES INC,Consumer Discretionary,United States,NYSE,USD,mapped
russell_2500_proxy,PLBC,PLBC,PLUMAS BANCORP,Financials,United States,NASDAQ,USD,mapped
russell_2500_proxy,IPI,IPI,INTREPID POTASH INC,Materials,United States,NYSE,USD,mapped
russell_2500_proxy,IDR,IDR,IDAHO STRATEGIC RESOURCES INC,Materials,United States,Nyse Mkt Llc,USD,mapped
russell_2500_proxy,FTK,FTK,FLOTEK INDUSTRIES INC,Materials,United States,NYSE,USD,mapped
russell_2500_proxy,ILPT,ILPT,INDUSTRIAL LOGISTICS PROPERTIES TR,Real Estate,United States,NASDAQ,USD,mapped
russell_2500_proxy,METC,METC,RAMACO RESOURCES INC CLASS A,Materials,United States,NASDAQ,USD,mapped
russell_2500_proxy,PBYI,PBYI,PUMA BIOTECHNOLOGY INC,Health Care,United States,NASDAQ,USD,mapped
russell_2500_proxy,CBAN,CBAN,COLONY BANKCORP INC,Financials,United States,NYSE,USD,mapped
russell_2500_proxy,AEVA,AEVA,AEVA TECHNOLOGIES,Information Technology,United States,NASDAQ,USD,mapped
russell_2500_proxy,FLGT,FLGT,FULGENT GENETICS,Health Care,United States,NASDAQ,USD,mapped
russell_2500_proxy,BMRC,BMRC,BANK OF MARIN BANCORP,Financials,United States,NASDAQ,USD,mapped
russell_2500_proxy,IBEX,IBEX,IBEX LTD,Industrials,United States,NASDAQ,USD,mapped
russell_2500_proxy,CWCO,CWCO,CONSOLIDATED WATER LTD,Utilities,United States,NASDAQ,USD,mapped
russell_2500_proxy,CBNK,CBNK,CAPITAL BANCORP INC,Financials,United States,NASDAQ,USD,mapped
russell_2500_proxy,VITL,VITL,VITAL FARMS INC,Consumer Staples,United States,NASDAQ,USD,mapped
russell_2500_proxy,GLRE,GLRE,GREENLIGHT CAPITAL LTD CLASS A,Financials,United States,NASDAQ,USD,mapped
russell_2500_proxy,IBTA,IBTA,IBOTTA CLASS A,Communication,United States,NYSE,USD,mapped
russell_2500_proxy,ALMR,ALMR,ALAMAR BIOSCIENCES INC,Health Care,United States,NASDAQ,USD,mapped
russell_2500_proxy,DGICA,DGICA,DONEGAL GROUP INC CLASS A,Financials,United States,NASDAQ,USD,mapped
russell_2500_proxy,EVH,EVH,EVOLENT HEALTH CLASS A,Health Care,United States,NYSE,USD,mapped
russell_2500_proxy,ACCO,ACCO,ACCO BRANDS CORP,Industrials,United States,NYSE,USD,mapped
russell_2500_proxy,CMCL,CMCL,CALEDONIA MINING PLC,Materials,Canada,Nyse Mkt Llc,USD,mapped
russell_2500_proxy,GTN,GTN,GRAY MEDIA INC,Communication,United States,NYSE,USD,mapped
russell_2500_proxy,VLGEA,VLGEA,VILLAGE SUPER MARKET INC CLASS A,Consumer Staples,United States,NASDAQ,USD,mapped
russell_2500_proxy,GENB,GENB,GENERATE BIOMEDICINES INC,Health Care,United States,NASDAQ,USD,mapped
russell_2500_proxy,OLP,OLP,ONE LIBERTY PROPERTIES REIT INC,Real Estate,United States,NYSE,USD,mapped
russell_2500_proxy,FRST,FRST,PRIMIS FINANCIAL CORP,Financials,United States,NASDAQ,USD,mapped
russell_2500_proxy,REAX,REAX,REAL REMAX GROUP,Real Estate,United States,NASDAQ,USD,mapped
russell_2500_proxy,CPS,CPS,COOPER STANDARD HOLDINGS,Consumer Discretionary,United States,NYSE,USD,mapped
russell_2500_proxy,OXM,OXM,OXFORD INDUSTRIES INC,Consumer Discretionary,United States,NYSE,USD,mapped
russell_2500_proxy,CENT,CENT,CENTRAL GARDEN AND PET,Consumer Staples,United States,NASDAQ,USD,mapped
russell_2500_proxy,CHCT,CHCT,COMMUNITY HEALTHCARE TRUST INC,Real Estate,United States,NYSE,USD,mapped
russell_2500_proxy,OVID,OVID,OVID THERAPEUTICS,Health Care,United States,NASDAQ,USD,mapped
russell_2500_proxy,GRND,GRND,GRINDR INC,Communication,United States,NYSE,USD,mapped
russell_2500_proxy,PSIX,PSIX,POWER SOLUTIONS INTERNATIONAL,Industrials,United States,NASDAQ,USD,mapped
russell_2500_proxy,UWMC,UWMC,UWM HOLDINGS CLASS A,Financials,United States,NYSE,USD,mapped
russell_2500_proxy,LOCO,LOCO,EL POLLO LOCO INC,Consumer Discretionary,United States,NASDAQ,USD,mapped
russell_2500_proxy,FNLC,FNLC,FIRST BANCORP INC,Financials,United States,NASDAQ,USD,mapped
russell_2500_proxy,NGS,NGS,NATURAL GAS SERVICES GROUP,Energy,United States,NYSE,USD,mapped
russell_2500_proxy,CAL,CAL,CALERES INC,Consumer Discretionary,United States,NYSE,USD,mapped
russell_2500_proxy,PKBK,PKBK,PARKE BANCORP INC,Financials,United States,NASDAQ,USD,mapped
russell_2500_proxy,TWI,TWI,TITAN INTERNATIONAL INC,Industrials,United States,NYSE,USD,mapped
russell_2500_proxy,ISTR,ISTR,INVESTAR HOLDING CORP,Financials,United States,NASDAQ,USD,mapped
russell_2500_proxy,BATRA,BATRA,ATLANTA BRAVES HOLDINGS SERIES A,Communication,United States,NASDAQ,USD,mapped
russell_2500_proxy,ARHS,ARHS,ARHAUS CLASS A,Consumer Discretionary,United States,NASDAQ,USD,mapped
russell_2500_proxy,DSGN,DSGN,DESIGN THERAPEUTICS,Health Care,United States,NASDAQ,USD,mapped
russell_2500_proxy,RGNX,RGNX,REGENXBIO,Health Care,United States,NASDAQ,USD,mapped
russell_2500_proxy,FRBA,FRBA,FIRST BANK,Financials,United States,NASDAQ,USD,mapped
russell_2500_proxy,PDLB,PDLB,PONCE FINANCIAL GROUP INC,Financials,United States,NASDAQ,USD,mapped
russell_2500_proxy,HVT,HVT,HAVERTY FURNITURE COMPANIES INC,Consumer Discretionary,United States,NYSE,USD,mapped
russell_2500_proxy,RLMD,RLMD,RELMADA THERAPEUTICS INC,Health Care,United States,NASDAQ,USD,mapped
russell_2500_proxy,LAND,LAND,GLADSTONE LAND REIT CORP,Real Estate,United States,NASDAQ,USD,mapped
russell_2500_proxy,AIOT,AIOT,POWERFLEET,Information Technology,United States,NASDAQ,USD,mapped
russell_2500_proxy,AMCX,AMCX,AMC GLOBAL MEDIA CLASS A,Communication,United States,NASDAQ,USD,mapped
russell_2500_proxy,CYH,CYH,COMMUNITY HEALTH SYSTEMS INC,Health Care,United States,NYSE,USD,mapped
russell_2500_proxy,PACB,PACB,PACIFIC BIOSCIENCES OF CALIFORNIA,Health Care,United States,NASDAQ,USD,mapped
russell_2500_proxy,CZFS,CZFS,CITIZENS FINANCIAL SERVICES INC,Financials,United States,NASDAQ,USD,mapped
russell_2500_proxy,BFS,BFS,SAUL CENTERS REIT INC,Real Estate,United States,NYSE,USD,mapped
russell_2500_proxy,CLPT,CLPT,CLEARPOINT NEURO INC,Health Care,United States,NASDAQ,USD,mapped
russell_2500_proxy,MAGN,MAGN,MAGNERA,Materials,United States,NYSE,USD,mapped
russell_2500_proxy,NGVC,NGVC,NATURAL GROCERS BY VITAMIN COTTAGE,Consumer Staples,United States,NYSE,USD,mapped
russell_2500_proxy,WLTH,WLTH,WEALTHFRONT,Financials,United States,NASDAQ,USD,mapped
russell_2500_proxy,WTI,WTI,W AND T OFFSHORE,Energy,United States,NYSE,USD,mapped
russell_2500_proxy,MVBF,MVBF,MVB FINANCIAL CORP,Financials,United States,NASDAQ,USD,mapped
russell_2500_proxy,MYGN,MYGN,MYRIAD GENETICS,Health Care,United States,NASDAQ,USD,mapped
russell_2500_proxy,SPIR,SPIR,SPIRE GLOBAL CLASS A,Industrials,United States,NYSE,USD,mapped
russell_2500_proxy,KIDS,KIDS,ORTHOPEDIATRICS CORP,Health Care,United States,NASDAQ,USD,mapped
russell_2500_proxy,FWDI,FWDI,FORWARD INDUSTRIES INC,Information Technology,United States,NASDAQ,USD,mapped
russell_2500_proxy,PHAT,PHAT,PHATHOM PHARMACEUTICALS,Health Care,United States,NASDAQ,USD,mapped
russell_2500_proxy,HY,HY,HYSTER YALE INC CLASS A,Industrials,United States,NYSE,USD,mapped
russell_2500_proxy,ASPI,ASPI,ASP ISOTOPES,Materials,United States,NASDAQ,USD,mapped
russell_2500_proxy,NECB,NECB,NORTHEAST COMMUNITY BANCORP INC,Financials,United States,NASDAQ,USD,mapped
russell_2500_proxy,PRTA,PRTA,PROTHENA PLC,Health Care,United States,NASDAQ,USD,mapped
russell_2500_proxy,AGNT,AGNT,AGNT,Real Estate,United States,NASDAQ,USD,mapped
russell_2500_proxy,DNA,DNA,GINKGO BIOWORKS HOLDINGS CLASS A,Health Care,United States,NYSE,USD,mapped
russell_2500_proxy,RXT,RXT,RACKSPACE TECHNOLOGY INC,Information Technology,United States,NASDAQ,USD,mapped
russell_2500_proxy,NPCE,NPCE,NEUROPACE,Health Care,United States,NASDAQ,USD,mapped
russell_2500_proxy,NWFL,NWFL,NORWOOD FINANCIAL CORP,Financials,United States,NASDAQ,USD,mapped
russell_2500_proxy,EBS,EBS,EMERGENT BIOSOLUTIONS,Health Care,United States,NYSE,USD,mapped
russell_2500_proxy,GEVO,GEVO,GEVO,Energy,United States,NASDAQ,USD,mapped
russell_2500_proxy,TSBK,TSBK,TIMBERLAND BANCORP INC,Financials,United States,NASDAQ,USD,mapped
russell_2500_proxy,IMXI,IMXI,INTERNATIONAL MONEY EXPRESS INC,Financials,United States,NASDAQ,USD,mapped
russell_2500_proxy,AVIR,AVIR,ATEA PHARMACEUTICALS,Health Care,United States,NASDAQ,USD,mapped
russell_2500_proxy,FSTR,FSTR,LB FOSTER,Industrials,United States,NASDAQ,USD,mapped
russell_2500_proxy,NGNE,NGNE,NEUROGENE,Health Care,United States,NASDAQ,USD,mapped
russell_2500_proxy,CRNC,CRNC,CERENCE,Information Technology,United States,NASDAQ,USD,mapped
russell_2500_proxy,NVCT,NVCT,NUVECTIS PHARMA INC,Health Care,United States,NASDAQ,USD,mapped
russell_2500_proxy,DIN,DIN,DINE BRANDS GLOBAL,Consumer Discretionary,United States,NYSE,USD,mapped
russell_2500_proxy,SENS,SENS,SENSEONICS HOLDINGS INC,Health Care,United States,NASDAQ,USD,mapped
russell_2500_proxy,ERII,ERII,ENERGY RECOVERY,Industrials,United States,NASDAQ,USD,mapped
russell_2500_proxy,SRTA,SRTA,STRATA CRITICAL MEDICAL CLASS A,Health Care,United States,NASDAQ,USD,mapped
russell_2500_proxy,STTK,STTK,SHATTUCK LABS INC,Health Care,United States,NASDAQ,USD,mapped
russell_2500_proxy,NEWT,NEWT,NEWTEKONE,Financials,United States,NASDAQ,USD,mapped
russell_2500_proxy,KREF,KREF,KKR REAL ESTATE FINANCE INC TRUST,Financials,United States,NYSE,USD,mapped
russell_2500_proxy,CWH,CWH,CAMPING WORLD HOLDINGS INC CLASS A,Consumer Discretionary,United States,NYSE,USD,mapped
russell_2500_proxy,TTAM,TTAM,TITAN AMERICA SA,Materials,Belgium,NYSE,USD,mapped
russell_2500_proxy,CRCT,CRCT,CRICUT CLASS A,Consumer Discretionary,United States,NASDAQ,USD,mapped
russell_2500_proxy,CBIO,CBIO,CRESCENT BIOPHARMA,Health Care,United States,NASDAQ,USD,mapped
russell_2500_proxy,ULCC,ULCC,FRONTIER GROUP HOLDINGS,Industrials,United States,NASDAQ,USD,mapped
russell_2500_proxy,MCFT,MCFT,MASTERCRAFT BOAT HOLDINGS INC,Consumer Discretionary,United States,NASDAQ,USD,mapped
russell_2500_proxy,NPB,NPB,NORTHPOINTE BANCSHARES INC,Financials,United States,NYSE,USD,mapped
russell_2500_proxy,FWRD,FWRD,FORWARD AIR CORP,Industrials,United States,NASDAQ,USD,mapped
russell_2500_proxy,ORN,ORN,ORION GROUP INC,Industrials,United States,NYSE,USD,mapped
russell_2500_proxy,ENTA,ENTA,ENANTA PHARMACEUTICALS INC,Health Care,United States,NASDAQ,USD,mapped
russell_2500_proxy,AII,AII,AMERICAN INTEGRITY INSURANCE GROUP,Financials,United States,NYSE,USD,mapped
russell_2500_proxy,IIIV,IIIV,I3 VERTICALS CLASS A,Information Technology,United States,NASDAQ,USD,mapped
russell_2500_proxy,OCGN,OCGN,OCUGEN,Health Care,United States,NASDAQ,USD,mapped
russell_2500_proxy,CTNM,CTNM,CONTINEUM THERAPEUTICS CLASS A,Health Care,United States,NASDAQ,USD,mapped
russell_2500_proxy,CLFD,CLFD,CLEARFIELD INC,Information Technology,United States,NASDAQ,USD,mapped
russell_2500_proxy,OPRT,OPRT,OPORTUN FINANCIAL CORP,Financials,United States,NASDAQ,USD,mapped
russell_2500_proxy,CCCC,CCCC,C4 THERAPEUTICS,Health Care,United States,NASDAQ,USD,mapped
russell_2500_proxy,BCML,BCML,BAYCOM CORP,Financials,United States,NASDAQ,USD,mapped
russell_2500_proxy,VOXR,VOXR,VOX ROYALTY CORP,Materials,Canada,NASDAQ,USD,mapped
russell_2500_proxy,SVV,SVV,SAVERS VALUE VILLAGE,Consumer Discretionary,United States,NYSE,USD,mapped
russell_2500_proxy,ASPN,ASPN,ASPEN AEROGELS,Materials,United States,NYSE,USD,mapped
russell_2500_proxy,PCB,PCB,PCB BANCORP,Financials,United States,NASDAQ,USD,mapped
russell_2500_proxy,SFIX,SFIX,STITCH FIX CLASS A,Consumer Discretionary,United States,NASDAQ,USD,mapped
russell_2500_proxy,RMR,RMR,RMR GROUP CLASS A,Real Estate,United States,NASDAQ,USD,mapped
russell_2500_proxy,MG,MG,MISTRAS GROUP INC,Industrials,United States,NYSE,USD,mapped
russell_2500_proxy,OFIX,OFIX,ORTHOFIX MEDICAL,Health Care,United States,NASDAQ,USD,mapped
russell_2500_proxy,CHMG,CHMG,CHEMUNG FINANCIAL CORP,Financials,United States,NASDAQ,USD,mapped
russell_2500_proxy,BELFA,BELFA,BEL FUSE CLASS A,Information Technology,United States,NASDAQ,USD,mapped
russell_2500_proxy,GNE,GNE,GENIE ENERGY LTD CLASS B,Utilities,United States,NYSE,USD,mapped
russell_2500_proxy,WSBF,WSBF,WATERSTONE FINANCIAL INC,Financials,United States,NASDAQ,USD,mapped
russell_2500_proxy,FVR,FVR,FRONTVIEW REIT,Real Estate,United States,NYSE,USD,mapped
russell_2500_proxy,CVEO,CVEO,CIVEO CORP,Industrials,United States,NYSE,USD,mapped
russell_2500_proxy,MAX,MAX,MEDIAALPHA CLASS A,Communication,United States,NYSE,USD,mapped
russell_2500_proxy,YSWY,YSWY,YESWAY INC CLASS A,Consumer Staples,United States,NASDAQ,USD,mapped
russell_2500_proxy,MH,MH,MCGRAW HILL,Consumer Discretionary,United States,NYSE,USD,mapped
russell_2500_proxy,ATLO,ATLO,AMES NATIONAL CORP,Financials,United States,NASDAQ,USD,mapped
russell_2500_proxy,DFH,DFH,DREAM FINDERS HOMES INC CLASS A,Consumer Discretionary,United States,NYSE,USD,mapped
russell_2500_proxy,STRT,STRT,STRATTEC SECURITY CORP,Consumer Discretionary,United States,NASDAQ,USD,mapped
russell_2500_proxy,CLW,CLW,CLEARWATER PAPER CORP,Materials,United States,NYSE,USD,mapped
russell_2500_proxy,FVCB,FVCB,FVCBANKCORP INC,Financials,United States,NASDAQ,USD,mapped
russell_2500_proxy,TRC,TRC,TEJON RANCH,Real Estate,United States,NYSE,USD,mapped
russell_2500_proxy,DSGR,DSGR,DISTRIBUTION SOLUTIONS GROUP,Industrials,United States,NASDAQ,USD,mapped
russell_2500_proxy,EMBC,EMBC,EMBECTA,Health Care,United States,NASDAQ,USD,mapped
russell_2500_proxy,GCO,GCO,GENESCO INC,Consumer Discretionary,United States,NYSE,USD,mapped
russell_2500_proxy,CTEV,CTEV,CLARITEV CORP CLASS A,Health Care,United States,NYSE,USD,mapped
russell_2500_proxy,ARKO,ARKO,ARKO,Consumer Discretionary,United States,NASDAQ,USD,mapped
russell_2500_proxy,OEC,OEC,ORION SA,Materials,United States,NYSE,USD,mapped
russell_2500_proxy,RNGR,RNGR,RANGER ENERGY SERVICES INC CLASS A,Energy,United States,NYSE,USD,mapped
russell_2500_proxy,VGZ,VGZ,VISTA GOLD CORP,Materials,United States,Nyse Mkt Llc,USD,mapped
russell_2500_proxy,MASS,MASS,908 DEVICES,Information Technology,United States,NASDAQ,USD,mapped
russell_2500_proxy,SGHT,SGHT,SIGHT SCIENCES,Health Care,United States,NASDAQ,USD,mapped
russell_2500_proxy,NRDS,NRDS,NERDWALLET CLASS A,Financials,United States,NASDAQ,USD,mapped
russell_2500_proxy,RCKT,RCKT,ROCKET PHARMACEUTICALS,Health Care,United States,NASDAQ,USD,mapped
russell_2500_proxy,SLP,SLP,SIMULATIONS PLUS,Health Care,United States,NASDAQ,USD,mapped
russell_2500_proxy,RR,RR,RICHTECH ROBOTICS CLASS B,Industrials,United States,NASDAQ,USD,mapped
russell_2500_proxy,BBW,BBW,BUILD A BEAR WORKSHOP,Consumer Discretionary,United States,NYSE,USD,mapped
russell_2500_proxy,SWIM,SWIM,LATHAM GROUP INC,Consumer Discretionary,United States,NASDAQ,USD,mapped
russell_2500_proxy,FSBW,FSBW,FS BANCORP INC,Financials,United States,NASDAQ,USD,mapped
russell_2500_proxy,PESI,PESI,PERMA FIX ENVIRONMENTAL SERVICES I,Industrials,United States,NASDAQ,USD,mapped
russell_2500_proxy,AVBC,AVBC,AVIDIA BANCORP INC,Financials,United States,NYSE,USD,mapped
russell_2500_proxy,MRAM,MRAM,EVERSPIN TECHNOLOGIES INC,Information Technology,United States,NASDAQ,USD,mapped
russell_2500_proxy,SERV,SERV,SERVE ROBOTICS,Consumer Discretionary,United States,NASDAQ,USD,mapped
russell_2500_proxy,MNRO,MNRO,MONRO,Consumer Discretionary,United States,NASDAQ,USD,mapped
russell_2500_proxy,RCKY,RCKY,ROCKY BRANDS INC,Consumer Discretionary,United States,NASDAQ,USD,mapped
russell_2500_proxy,MPTI,MPTI,M TRON INDUSTRIES INC,Information Technology,United States,Nyse Mkt Llc,USD,mapped
russell_2500_proxy,RZLT,RZLT,REZOLUTE,Health Care,United States,NASDAQ,USD,mapped
russell_2500_proxy,FENC,FENC,FENNEC PHARMACEUTICALS,Health Care,United States,NASDAQ,USD,mapped
russell_2500_proxy,TREE,TREE,LENDINGTREE,Financials,United States,NASDAQ,USD,mapped
russell_2500_proxy,QUAD,QUAD,QUAD GRAPHICS INC CLASS A,Industrials,United States,NYSE,USD,mapped
russell_2500_proxy,PANL,PANL,PANGAEA LOGISTICS SOLUTIONS,Industrials,United States,NASDAQ,USD,mapped
russell_2500_proxy,EYPT,EYPT,EYEPOINT INC,Health Care,United States,NASDAQ,USD,mapped
russell_2500_proxy,RM,RM,REGIONAL MANAGEMENT CORP,Financials,United States,NYSE,USD,mapped
russell_2500_proxy,STRZ,STRZ,STARZ ENTERTAINMENT,Communication,United States,NASDAQ,USD,mapped
russell_2500_proxy,AVEX,AVEX,AEVEX CORP CLASS A,Industrials,United States,NYSE,USD,mapped
russell_2500_proxy,FCCO,FCCO,FIRST COMMUNITY CORP,Financials,United States,NASDAQ,USD,mapped
russell_2500_proxy,PRME,PRME,PRIME MEDICINE,Health Care,United States,NASDAQ,USD,mapped
russell_2500_proxy,FIP,FIP,FTAI INFRASTRUCTURE,Industrials,United States,NASDAQ,USD,mapped
russell_2500_proxy,ALTO,ALTO,ALTO INGREDIENTS INC,Materials,United States,NASDAQ,USD,mapped
russell_2500_proxy,IHRT,IHRT,IHEARTMEDIA CLASS A,Communication,United States,NASDAQ,USD,mapped
russell_2500_proxy,FOSL,FOSL,FOSSIL GROUP INC,Consumer Discretionary,United States,NASDAQ,USD,mapped
russell_2500_proxy,SPCE,SPCE,VIRGIN GALACTIC HOLDINGS INC SHS C,Industrials,United States,NYSE,USD,mapped
russell_2500_proxy,BMBL,BMBL,BUMBLE CLASS A,Communication,United States,NASDAQ,USD,mapped
russell_2500_proxy,VMD,VMD,VIEMED HEALTHCARE INC,Health Care,United States,NASDAQ,USD,mapped
russell_2500_proxy,JMSB,JMSB,JOHN MARSHALL BANCORP INC,Financials,United States,NASDAQ,USD,mapped
russell_2500_proxy,KYTX,KYTX,KYVERNA THERAPEUTICS,Health Care,United States,NASDAQ,USD,mapped
russell_2500_proxy,CTRN,CTRN,CITI TRENDS INC,Consumer Discretionary,United States,NASDAQ,USD,mapped
russell_2500_proxy,ACIC,ACIC,AMERICAN COASTAL INSURANCE CORP,Financials,United States,NASDAQ,USD,mapped
russell_2500_proxy,AURA,AURA,AURA BIOSCIENCES,Health Care,United States,NASDAQ,USD,mapped
russell_2500_proxy,LXEO,LXEO,LEXEO THERAPEUTICS,Health Care,United States,NASDAQ,USD,mapped
russell_2500_proxy,RLGT,RLGT,RADIANT LOGISTIC INC,Industrials,United States,Nyse Mkt Llc,USD,mapped
russell_2500_proxy,CRD A,CRD-A,CRAWFORD CLASS A,Financials,United States,NYSE,USD,mapped
russell_2500_proxy,ATNI,ATNI,ATN INTERNATIONAL INC,Communication,United States,NASDAQ,USD,mapped
russell_2500_proxy,CATX,CATX,PERSPECTIVE THERAPEUTICS,Health Care,United States,Nyse Mkt Llc,USD,mapped
russell_2500_proxy,CBK,CBK,COMMERCIAL BANCGROUP INC,Financials,United States,NASDAQ,USD,mapped
russell_2500_proxy,FUBO,FUBO,FUBOTV CLASS A,Communication,United States,NYSE,USD,mapped
russell_2500_proxy,BOC,BOC,BOSTON OMAHA CORP CLASS A,Communication,United States,NYSE,USD,mapped
russell_2500_proxy,ABAT,ABAT,AMERICAN BATTERY TECHNOLOGY COMPAN,Materials,United States,NASDAQ,USD,mapped
russell_2500_proxy,CABA,CABA,CABALETTA BIO,Health Care,United States,NASDAQ,USD,mapped
russell_2500_proxy,LILA,LILA,LIBERTY LATIN AMERICA CLASS A,Communication,United States,NASDAQ,USD,mapped
russell_2500_proxy,FRAF,FRAF,FRANKLIN FINANCIAL SERVICES CORP,Financials,United States,NASDAQ,USD,mapped
russell_2500_proxy,SGP,SGP,SPYGLASS PHARMA SHS,Health Care,United States,NASDAQ,USD,mapped
russell_2500_proxy,FRD,FRD,FRIEDMAN INDUSTRIES INC,Materials,United States,NASDAQ,USD,mapped
russell_2500_proxy,NABL,NABL,N ABLE INC,Information Technology,United States,NYSE,USD,mapped
russell_2500_proxy,WEST,WEST,WESTROCK COFFEE,Consumer Staples,United States,NASDAQ,USD,mapped
russell_2500_proxy,NKSH,NKSH,NATIONAL BANKSHARES INC,Financials,United States,NASDAQ,USD,mapped
russell_2500_proxy,CFFI,CFFI,C AND F FINANCIAL CORP,Financials,United States,NASDAQ,USD,mapped
russell_2500_proxy,IRD,IRD,OPUS GENETICS INC,Health Care,United States,NASDAQ,USD,mapped
russell_2500_proxy,BIOA,BIOA,BIOAGE LABS,Health Care,United States,NASDAQ,USD,mapped
russell_2500_proxy,AGEN,AGEN,AGENUS INC,Health Care,United States,NASDAQ,USD,mapped
russell_2500_proxy,MEC,MEC,MAYVILLE ENGINEERING COMPANY INC,Industrials,United States,NYSE,USD,mapped
russell_2500_proxy,TECX,TECX,TECTONIC THERAPEUTIC,Health Care,United States,NASDAQ,USD,mapped
russell_2500_proxy,FUNC,FUNC,FIRST UNITED CORP,Financials,United States,NASDAQ,USD,mapped
russell_2500_proxy,JOUT,JOUT,JOHNSON OUTDOORS INC CLASS A,Consumer Discretionary,United States,NASDAQ,USD,mapped
russell_2500_proxy,CLNE,CLNE,CLEAN ENERGY FUELS,Energy,United States,NASDAQ,USD,mapped
russell_2500_proxy,FLXS,FLXS,FLEXSTEEL INDUSTRIES INC,Consumer Discretionary,United States,NASDAQ,USD,mapped
russell_2500_proxy,USCB,USCB,USCB FINANCIAL HOLDINGS INC CLASS,Financials,United States,NASDAQ,USD,mapped
russell_2500_proxy,GRNT,GRNT,GRANITE RIDGE RESOURCES,Energy,United States,NYSE,USD,mapped
russell_2500_proxy,CNDT,CNDT,CONDUENT,Industrials,United States,NASDAQ,USD,mapped
russell_2500_proxy,NEXN,NEXN,NEXXEN INTERNATIONAL LTD,Communication,Israel,NASDAQ,USD,mapped
russell_2500_proxy,XFOR,XFOR,X4 PHARMACEUTICALS,Health Care,United States,NASDAQ,USD,mapped
russell_2500_proxy,EDIT,EDIT,EDITAS MEDICINE,Health Care,United States,NASDAQ,USD,mapped
russell_2500_proxy,VNDA,VNDA,VANDA PHARMACEUTICALS INC,Health Care,United States,NASDAQ,USD,mapped
russell_2500_proxy,RPAY,RPAY,REPAY HOLDINGS CORP CLASS A,Financials,United States,NASDAQ,USD,mapped
russell_2500_proxy,PINE,PINE,ALPINE INCOME PROPERTY TRUST INC,Real Estate,United States,NYSE,USD,mapped
russell_2500_proxy,IA,IA,INNOVATIVE SOLUTIONS AND SUPPORT I,Industrials,United States,NASDAQ,USD,mapped
russell_2500_proxy,ABX,ABX,ABACUS GLOBAL MANAGEMENT INC CLASS,Financials,United States,NYSE,USD,mapped
russell_2500_proxy,REI,REI,RING ENERGY INC,Energy,United States,Nyse Mkt Llc,USD,mapped
russell_2500_proxy,MTRX,MTRX,MATRIX SERVICE,Industrials,United States,NASDAQ,USD,mapped
russell_2500_proxy,BOBS,BOBS,BOBS DISCOUNT FURNITURE INC,Consumer Discretionary,United States,NYSE,USD,mapped
russell_2500_proxy,FDBC,FDBC,FIDELITY D AND D BANCORP INC,Financials,United States,NASDAQ,USD,mapped
russell_2500_proxy,ASIC,ASIC,ATEGRITY SPECIALTY INSURANCE COMPA,Financials,United States,NYSE,USD,mapped
russell_2500_proxy,MYFW,MYFW,FIRST WESTERN FINANCIAL INC,Financials,United States,NASDAQ,USD,mapped
russell_2500_proxy,ZURA,ZURA,ZURA BIO LTD CLASS A,Health Care,United States,NASDAQ,USD,mapped
russell_2500_proxy,IKT,IKT,INHIBIKASE THERAPEUTICS,Health Care,United States,NASDAQ,USD,mapped
russell_2500_proxy,BSVN,BSVN,BANK7 CORP,Financials,United States,NASDAQ,USD,mapped
russell_2500_proxy,FXNC,FXNC,FIRST NATIONAL CORP,Financials,United States,NASDAQ,USD,mapped
russell_2500_proxy,ARDT,ARDT,ARDENT HEALTH INC,Health Care,United States,NYSE,USD,mapped
russell_2500_proxy,XPER,XPER,XPERI INC,Information Technology,United States,NYSE,USD,mapped
russell_2500_proxy,TBI,TBI,TRUEBLUE INC,Industrials,United States,NYSE,USD,mapped
russell_2500_proxy,SMC,SMC,SUMMIT MIDSTREAM CORP,Energy,United States,NYSE,USD,mapped
russell_2500_proxy,BRBS,BRBS,BLUE RIDGE BANKSHARES INC,Financials,United States,Nyse Mkt Llc,USD,mapped
russell_2500_proxy,GCBC,GCBC,GREENE COUNTY BANCORP INC,Financials,United States,NASDAQ,USD,mapped
russell_2500_proxy,OVLY,OVLY,OAK VALLEY BANCORP,Financials,United States,NASDAQ,USD,mapped
russell_2500_proxy,TWIN,TWIN,TWIN DISC INC,Industrials,United States,NASDAQ,USD,mapped
russell_2500_proxy,KINS,KINS,KINGSTONE COMPANIES INC,Financials,United States,NASDAQ,USD,mapped
russell_2500_proxy,LCNB,LCNB,LCNB CORP,Financials,United States,NASDAQ,USD,mapped
russell_2500_proxy,ISBA,ISBA,ISABELLA BANK CORP,Financials,United States,NASDAQ,USD,mapped
russell_2500_proxy,TDUP,TDUP,THREDUP CLASS A,Consumer Discretionary,United States,NASDAQ,USD,mapped
russell_2500_proxy,SPRY,SPRY,ARS PHARMACEUTICALS,Health Care,United States,NASDAQ,USD,mapped
russell_2500_proxy,BH,BH,BIGLARI HOLDINGS INCINARY CLASS B,Consumer Discretionary,United States,NYSE,USD,mapped
russell_2500_proxy,EGHT,EGHT,8X8 INC,Information Technology,United States,NASDAQ,USD,mapped
russell_2500_proxy,NXH,NXH,NEIGHBORHOOD INTELLIGENCE,Consumer Discretionary,United States,NASDAQ,USD,mapped
russell_2500_proxy,ABEO,ABEO,ABEONA THERAPEUTICS INC,Health Care,United States,NASDAQ,USD,mapped
russell_2500_proxy,NATH,NATH,NATHANS FAMOUS INC,Consumer Discretionary,United States,NASDAQ,USD,mapped
russell_2500_proxy,CMRC,CMRC,BIGCOMMERCE HOLDINGS SERIES,Information Technology,United States,NASDAQ,USD,mapped
russell_2500_proxy,PALI,PALI,PALISADE BIO INC,Health Care,United States,NASDAQ,USD,mapped
russell_2500_proxy,LRMR,LRMR,LARIMAR THERAPEUTICS,Health Care,United States,NASDAQ,USD,mapped
russell_2500_proxy,PTLO,PTLO,PORTILLO S INC CLASS A,Consumer Discretionary,United States,NASDAQ,USD,mapped
russell_2500_proxy,SHAZ,SHAZ,SHARONAI HOLDINGS INC CLASS A,Information Technology,United States,NASDAQ,USD,mapped
russell_2500_proxy,ANIK,ANIK,ANIKA THERAPEUTICS INC,Health Care,United States,NASDAQ,USD,mapped
russell_2500_proxy,SHOE,SHOE,SHOE STATION GROUP INC,Consumer Discretionary,United States,NASDAQ,USD,mapped
russell_2500_proxy,FBLA,FBLA,FB BANCORP,Financials,United States,NASDAQ,USD,mapped
russell_2500_proxy,AVBH,AVBH,AVIDBANK HOLDINGS INC,Financials,United States,NASDAQ,USD,mapped
russell_2500_proxy,STRO,STRO,SUTRO BIOPHARMA INC,Health Care,United States,NASDAQ,USD,mapped
russell_2500_proxy,ZIP,ZIP,ZIPRECRUITER INC CLASS A,Communication,United States,NYSE,USD,mapped
russell_2500_proxy,OPTU,OPTU,OPTIMUM COMMUNICATIONS INC CLASS A,Communication,United States,NYSE,USD,mapped
russell_2500_proxy,MGNX,MGNX,MACROGENICS INC,Health Care,United States,NASDAQ,USD,mapped
russell_2500_proxy,HCKT,HCKT,HACKETT GROUP,Information Technology,United States,NASDAQ,USD,mapped
russell_2500_proxy,BLND,BLND,BLEND LABS CLASS A,Information Technology,United States,NYSE,USD,mapped
russell_2500_proxy,FNRN,FNRN,FIRST NORTHERN COMMUNITY BANCORP,Financials,United States,NASDAQ,USD,mapped
russell_2500_proxy,ASMB,ASMB,ASSEMBLY BIOSCIENCES INC,Health Care,United States,NASDAQ,USD,mapped
russell_2500_proxy,NRC,NRC,NRC HEALTH,Health Care,United States,NASDAQ,USD,mapped
russell_2500_proxy,CMPX,CMPX,COMPASS THERAPEUTICS,Health Care,United States,NASDAQ,USD,mapped
russell_2500_proxy,DMAC,DMAC,DIAMEDICA THERAPEUTICS INC,Health Care,United States,NASDAQ,USD,mapped
russell_2500_proxy,WEYS,WEYS,WEYCO GROUP INC,Consumer Discretionary,United States,NASDAQ,USD,mapped
russell_2500_proxy,DNUT,DNUT,KRISPY KREME,Consumer Discretionary,United States,NASDAQ,USD,mapped
russell_2500_proxy,BPRN,BPRN,PRINCETON BANCORP INC,Financials,United States,NASDAQ,USD,mapped
russell_2500_proxy,IMRX,IMRX,IMMUNEERING CLASS A,Health Care,United States,NASDAQ,USD,mapped
russell_2500_proxy,TLS,TLS,TELOS CORPORATION CORP,Information Technology,United States,NASDAQ,USD,mapped
russell_2500_proxy,DUOT,DUOT,DUOS TECHNOLOGIES GROUP INC,Information Technology,United States,NASDAQ,USD,mapped
russell_2500_proxy,III,III,INFORMATION SERVICES GROUP INC,Information Technology,United States,NASDAQ,USD,mapped
russell_2500_proxy,INNV,INNV,INNOVAGE HOLDING CORP,Health Care,United States,NASDAQ,USD,mapped
russell_2500_proxy,BGS,BGS,B AND G FOODS INC,Consumer Staples,United States,NYSE,USD,mapped
russell_2500_proxy,BKKT,BKKT,BAKKT INC CLASS A,Financials,United States,NYSE,USD,mapped
russell_2500_proxy,RMNI,RMNI,RIMINI STREET INC,Information Technology,United States,NASDAQ,USD,mapped
russell_2500_proxy,HTZ,HTZ,HERTZ GLOBAL HLDGS INC,Industrials,United States,NASDAQ,USD,mapped
russell_2500_proxy,JACK,JACK,JACK IN THE BOX INC,Consumer Discretionary,United States,NASDAQ,USD,mapped
russell_2500_proxy,KRUS,KRUS,KURA SUSHI USA,Consumer Discretionary,United States,NASDAQ,USD,mapped
russell_2500_proxy,AVNW,AVNW,AVIAT NETWORKS INC,Information Technology,United States,NASDAQ,USD,mapped
russell_2500_proxy,FRPH,FRPH,FRP HOLDINGS INC,Real Estate,United States,NASDAQ,USD,mapped
russell_2500_proxy,ONIT,ONIT,ONITY GROUP INC,Financials,United States,NYSE,USD,mapped
russell_2500_proxy,RC,RC,READY CAPITAL CORP,Financials,United States,NYSE,USD,mapped
russell_2500_proxy,NUS,NUS,NU SKIN ENTERPRISES CLASS A,Consumer Staples,United States,NYSE,USD,mapped
russell_2500_proxy,REFI,REFI,CHICAGO ATLANTIC REAL ESTATE FINAN,Financials,United States,NASDAQ,USD,mapped
russell_2500_proxy,OSUR,OSUR,ORASURE TECHNOLOGIES INC,Health Care,United States,NASDAQ,USD,mapped
russell_2500_proxy,HBB,HBB,HAMILTON BEACH BRANDS HOLDING COMP,Consumer Discretionary,United States,NYSE,USD,mapped
russell_2500_proxy,AKBA,AKBA,AKEBIA THERAPEUTICS INC,Health Care,United States,NASDAQ,USD,mapped
russell_2500_proxy,TSSI,TSSI,TSS INC,Information Technology,United States,NASDAQ,USD,mapped
russell_2500_proxy,BNTC,BNTC,BENITEC BIOPHARMA INC,Health Care,United States,NASDAQ,USD,mapped
russell_2500_proxy,WNEB,WNEB,WESTERN NEW ENGLAND BANCORP INC,Financials,United States,NASDAQ,USD,mapped
russell_2500_proxy,LTBR,LTBR,LIGHTBRIDGE CORP,Energy,United States,NASDAQ,USD,mapped
russell_2500_proxy,JAKK,JAKK,JAKKS PACIFIC INC,Consumer Discretionary,United States,NASDAQ,USD,mapped
russell_2500_proxy,PRTH,PRTH,PRIORITY TECHNOLOGY HOLDINGS INC,Financials,United States,NASDAQ,USD,mapped
russell_2500_proxy,ACRE,ACRE,ARES COMMERCIAL REAL ESTATE REIT C,Financials,United States,NYSE,USD,mapped
russell_2500_proxy,MFIN,MFIN,MEDALLION FINANCIAL CORP,Financials,United States,NASDAQ,USD,mapped
russell_2500_proxy,RJET,RJET,REPUBLIC AIRWAYS HOLDINGS,Industrials,United States,NASDAQ,USD,mapped
russell_2500_proxy,LMRI,LMRI,LUMEXA IMAGING HOLDINGS,Health Care,United States,NASDAQ,USD,mapped
russell_2500_proxy,HLLY,HLLY,HOLLEY,Consumer Discretionary,United States,NYSE,USD,mapped
russell_2500_proxy,FNKO,FNKO,FUNKO CLASS A,Consumer Discretionary,United States,NASDAQ,USD,mapped
russell_2500_proxy,VABK,VABK,VIRGINIA NATIONAL BANKSHARES CORP,Financials,United States,NASDAQ,USD,mapped
russell_2500_proxy,IMMR,IMMR,IMMERSION CORP,Information Technology,United States,NASDAQ,USD,mapped
russell_2500_proxy,FULC,FULC,FULCRUM THERAPEUTICS,Health Care,United States,NASDAQ,USD,mapped
russell_2500_proxy,COSO,COSO,COASTALSOUTH BANCSHARES INC,Financials,United States,NYSE,USD,mapped
russell_2500_proxy,OSS,OSS,ONE STOP SYSTEMS INC,Information Technology,United States,NASDAQ,USD,mapped
russell_2500_proxy,WBTN,WBTN,WEBTOON ENTERTAINMENT INC,Communication,United States,NASDAQ,USD,mapped
russell_2500_proxy,WYFI,WYFI,WHITEFIBER INC,Information Technology,United States,NASDAQ,USD,mapped
russell_2500_proxy,AVXL,AVXL,ANAVEX LIFE SCIENCES CORP,Health Care,United States,NASDAQ,USD,mapped
russell_2500_proxy,CHPT,CHPT,CHARGEPOINT HOLDINGS INC CLASS A,Industrials,United States,NYSE,USD,mapped
russell_2500_proxy,SEVN,SEVN,SEVEN HILLS REALTY TRUST,Financials,United States,NASDAQ,USD,mapped
russell_2500_proxy,PPIH,PPIH,PERMA PIPE INTERNATIONAL HOLDINGS,Industrials,United States,NASDAQ,USD,mapped
russell_2500_proxy,POWW,POWW,OUTDOOR HOLDING,Consumer Discretionary,United States,NASDAQ,USD,mapped
russell_2500_proxy,CZWI,CZWI,CITIZENS COMMUNITY BANCORP INC,Financials,United States,NASDAQ,USD,mapped
russell_2500_proxy,WOOF,WOOF,PETCO HEALTH AND WELLNESS COMPANY,Consumer Discretionary,United States,NASDAQ,USD,mapped
russell_2500_proxy,PEBK,PEBK,PEOPLES BANCORP OF NORTH CAROLINA,Financials,United States,NASDAQ,USD,mapped
russell_2500_proxy,LEGH,LEGH,LEGACY HOUSING CORP,Consumer Discretionary,United States,NASDAQ,USD,mapped
russell_2500_proxy,MRBK,MRBK,MERIDIAN CORP,Financials,United States,NASDAQ,USD,mapped
russell_2500_proxy,TBCH,TBCH,TURTLE BEACH,Information Technology,United States,NASDAQ,USD,mapped
russell_2500_proxy,IPSC,IPSC,CENTURY THERAPEUTICS,Health Care,United States,NASDAQ,USD,mapped
russell_2500_proxy,ELMT,ELMT,ELMET GROUP,Industrials,United States,NASDAQ,USD,mapped
russell_2500_proxy,DBI,DBI,DESIGNER BRANDS CLASS A,Consumer Discretionary,United States,NYSE,USD,mapped
russell_2500_proxy,USAU,USAU,US GOLD CORP,Materials,United States,NASDAQ,USD,mapped
russell_2500_proxy,BKTI,BKTI,BK TECHNOLOGIES CORP,Information Technology,United States,Nyse Mkt Llc,USD,mapped
russell_2500_proxy,LTRX,LTRX,LANTRONIX INC,Information Technology,United States,NASDAQ,USD,mapped
russell_2500_proxy,MBI,MBI,MBIA INC,Financials,United States,NYSE,USD,mapped
russell_2500_proxy,EFSI,EFSI,EAGLE FINANCIAL SERVICES INC,Financials,United States,NASDAQ,USD,mapped
russell_2500_proxy,MGPI,MGPI,MGP INGREDIENTS,Consumer Staples,United States,NASDAQ,USD,mapped
russell_2500_proxy,INBK,INBK,FIRST INTERNET BANCORP,Financials,United States,NASDAQ,USD,mapped
russell_2500_proxy,PDYN,PDYN,PALLADYNE AI CORP,Industrials,United States,NASDAQ,USD,mapped
russell_2500_proxy,RXST,RXST,RXSIGHT,Health Care,United States,NASDAQ,USD,mapped
russell_2500_proxy,TLSI,TLSI,TRISALUS LF SC CM A,Health Care,United States,NASDAQ,USD,mapped
russell_2500_proxy,ALCO,ALCO,ALICO INC,Consumer Staples,United States,NASDAQ,USD,mapped
russell_2500_proxy,APC,APC,ARKO PETROLEUM CORP CLASS A,Consumer Discretionary,United States,NASDAQ,USD,mapped
russell_2500_proxy,INFU,INFU,INFUSYSTEM HOLDINGS INC,Health Care,United States,Nyse Mkt Llc,USD,mapped
russell_2500_proxy,BBCP,BBCP,CONCRETE PUMPING HOLDINGS INC,Industrials,United States,NASDAQ,USD,mapped
russell_2500_proxy,ELDN,ELDN,ELEDON PHARMACEUTICALS INC,Health Care,United States,NASDAQ,USD,mapped
russell_2500_proxy,KROS,KROS,KEROS THERAPEUTICS,Health Care,United States,NASDAQ,USD,mapped
russell_2500_proxy,SKYH,SKYH,SKY HARBOUR GROUP CLASS A,Industrials,United States,NYSE,USD,mapped
russell_2500_proxy,PCYO,PCYO,PURE CYCLE CORP,Utilities,United States,NASDAQ,USD,mapped
russell_2500_proxy,OFRM,OFRM,ONCE UPON A FARM PBC,Consumer Staples,United States,NYSE,USD,mapped
russell_2500_proxy,HMH,HMH,HMH HOLDING INC CLASS A,Energy,United States,NASDAQ,USD,mapped
russell_2500_proxy,CV,CV,CAPSOVISION INC,Health Care,United States,NASDAQ,USD,mapped
russell_2500_proxy,OPBK,OPBK,OP BANCORP,Financials,United States,NASDAQ,USD,mapped
russell_2500_proxy,CMDB,CMDB,COSTAMARE BULKERS HOLDINGS LTD,Industrials,Monaco,NYSE,USD,mapped
russell_2500_proxy,INR,INR,INFINITY NATURAL RESOURCES INC CLA,Energy,United States,NYSE,USD,mapped
russell_2500_proxy,SMRT,SMRT,SMARTRENT INC CLASS A,Information Technology,United States,NYSE,USD,mapped
russell_2500_proxy,TRDA,TRDA,ENTRADA THERAPEUTICS,Health Care,United States,NASDAQ,USD,mapped
russell_2500_proxy,RICK,RICK,RCI HOSPITALITY HOLDINGS INC,Consumer Discretionary,United States,NASDAQ,USD,mapped
russell_2500_proxy,PMTS,PMTS,CPI CARD GROUP INC,Information Technology,United States,NASDAQ,USD,mapped
russell_2500_proxy,RELL,RELL,RICHARDSON ELECTRONICS LTD,Information Technology,United States,NASDAQ,USD,mapped
russell_2500_proxy,SPOK,SPOK,SPOK HOLDINGS INC,Communication,United States,NASDAQ,USD,mapped
russell_2500_proxy,ASUR,ASUR,ASURE SOFTWARE INC,Industrials,United States,NASDAQ,USD,mapped
russell_2500_proxy,NXDT,NXDT,NEXPOINT DIVERSIFIED REAL ESTATE T,Real Estate,United States,NYSE,USD,mapped
russell_2500_proxy,PLX,PLX,PROTALIX BIOTHERAPEUTICS,Health Care,Israel,Nyse Mkt Llc,USD,mapped
russell_2500_proxy,EVEX,EVEX,EVE HOLDING,Industrials,United States,NYSE,USD,mapped
russell_2500_proxy,FCAP,FCAP,FIRST CAPITAL INC,Financials,United States,NASDAQ,USD,mapped
russell_2500_proxy,GEMI,GEMI,GEMINI SPACE STATION INC CLASS A,Financials,United States,NASDAQ,USD,mapped
russell_2500_proxy,KWY,KWY,KINGSWAY CORP,Financials,United States,NYSE,USD,mapped
russell_2500_proxy,EVGO,EVGO,EVGO INC CLASS A,Consumer Discretionary,United States,NASDAQ,USD,mapped
russell_2500_proxy,LOVE,LOVE,LOVESAC COMPANY,Consumer Discretionary,United States,NASDAQ,USD,mapped
russell_2500_proxy,VEL,VEL,VELOCITY FINANCIAL INC,Financials,United States,NYSE,USD,mapped
russell_2500_proxy,SRI,SRI,STONERIDGE INC,Consumer Discretionary,United States,NYSE,USD,mapped
russell_2500_proxy,SMHI,SMHI,SEACOR MARINE HOLDINGS INC,Energy,United States,NYSE,USD,mapped
russell_2500_proxy,NATR,NATR,NATURES SUNSHINE PRODUCTS INC,Consumer Staples,United States,NASDAQ,USD,mapped
russell_2500_proxy,ASLE,ASLE,AERSALE CORP,Industrials,United States,NASDAQ,USD,mapped
russell_2500_proxy,GOGO,GOGO,GOGO,Communication,United States,NASDAQ,USD,mapped
russell_2500_proxy,LMNR,LMNR,LIMONEIRA,Consumer Staples,United States,NASDAQ,USD,mapped
russell_2500_proxy,PBFS,PBFS,PIONEER BANCORP INC,Financials,United States,NASDAQ,USD,mapped
russell_2500_proxy,CFBK,CFBK,CF BANKSHARES INC,Financials,United States,NASDAQ,USD,mapped
russell_2500_proxy,PACK,PACK,RANPAK HOLDINGS CLASS A,Materials,United States,NYSE,USD,mapped
russell_2500_proxy,TARA,TARA,PROTARA THERAPEUTICS INC,Health Care,United States,NASDAQ,USD,mapped
russell_2500_proxy,VUZI,VUZI,VUZIX CORP,Information Technology,United States,NASDAQ,USD,mapped
russell_2500_proxy,HPK,HPK,HIGHPEAK ENERGY INC,Energy,United States,NASDAQ,USD,mapped
russell_2500_proxy,LODE,LODE,COMSTOCK INC,Energy,United States,Nyse Mkt Llc,USD,mapped
russell_2500_proxy,KGEI,KGEI,KOLIBRI GLOBAL ENERGY INC,Energy,Canada,NASDAQ,USD,mapped
russell_2500_proxy,UTMD,UTMD,UTAH MEDICAL PRODUCTS INC,Health Care,United States,NASDAQ,USD,mapped
russell_2500_proxy,OPFI,OPFI,OPPFI INC CLASS A,Financials,United States,NYSE,USD,mapped
russell_2500_proxy,HDSN,HDSN,HUDSON TECHNOLOGIES INC,Industrials,United States,NASDAQ,USD,mapped
russell_2500_proxy,RCMT,RCMT,RCM TECHNOLOGIES INC,Industrials,United States,NASDAQ,USD,mapped
russell_2500_proxy,CDZI,CDZI,CADIZ INC,Utilities,United States,NASDAQ,USD,mapped
russell_2500_proxy,ACU,ACU,ACME UNITED CORP,Health Care,United States,Nyse Mkt Llc,USD,mapped
russell_2500_proxy,UPB,UPB,UPSTREAM BIO,Health Care,United States,NASDAQ,USD,mapped
russell_2500_proxy,MITT,MITT,TPG MORTGAGE INVESTMENT TRUST INC,Financials,United States,NYSE,USD,mapped
russell_2500_proxy,OSG,OSG,OCTAVE SPECIALTY GROUP INC,Financials,United States,NYSE,USD,mapped
russell_2500_proxy,EU,EU,ENCORE ENERGY,Energy,United States,NASDAQ,USD,mapped
russell_2500_proxy,CMT,CMT,CORE MOLDING TECHNOLOGIES INC,Materials,United States,Nyse Mkt Llc,USD,mapped
russell_2500_proxy,SSP,SSP,EW SCRIPPS CLASS A,Communication,United States,NASDAQ,USD,mapped
russell_2500_proxy,EIKN,EIKN,EIKON THERAPEUTICS,Health Care,United States,NASDAQ,USD,mapped
russell_2500_proxy,OBIO,OBIO,ORCHESTRA BIOMED HOLDINGS INC,Health Care,United States,NASDAQ,USD,mapped
russell_2500_proxy,SEG,SEG,SEAPORT ENTERTAINMENT GROUP INC,Real Estate,United States,NYSE,USD,mapped
russell_2500_proxy,QUIK,QUIK,QUICKLOGIC CORP,Information Technology,United States,NASDAQ,USD,mapped
russell_2500_proxy,TG,TG,TREDEGAR CORP,Materials,United States,NYSE,USD,mapped
russell_2500_proxy,KRO,KRO,KRONOS WORLDWIDE,Materials,United States,NYSE,USD,mapped
russell_2500_proxy,CD,CD,CHAINCE DIGITAL HOLDINGS INC,Financials,United States,NASDAQ,USD,mapped
russell_2500_proxy,EBMT,EBMT,EAGLE BANCORP MONTANA INC,Financials,United States,NASDAQ,USD,mapped
russell_2500_proxy,GPRO,GPRO,GOPRO INC CLASS A,Consumer Discretionary,United States,NASDAQ,USD,mapped
russell_2500_proxy,AREC,AREC,AMERICAN RESOURCES CORP CLASS A,Energy,United States,NASDAQ,USD,mapped
russell_2500_proxy,ALEC,ALEC,ALECTOR,Health Care,United States,NASDAQ,USD,mapped
russell_2500_proxy,ZUMZ,ZUMZ,ZUMIEZ,Consumer Discretionary,United States,NASDAQ,USD,mapped
russell_2500_proxy,SI,SI,SHOULDER INNOVATIONS,Health Care,United States,NYSE,USD,mapped
russell_2500_proxy,VELO,VELO,VELO3D INC,Industrials,United States,NASDAQ,USD,mapped
russell_2500_proxy,PSFE,PSFE,PAYSAFE LTD,Financials,United States,NYSE,USD,mapped
russell_2500_proxy,TAYD,TAYD,TAYLOR DEVICES INC,Industrials,United States,NASDAQ,USD,mapped
russell_2500_proxy,GSIT,GSIT,GSI TECHNOLOGY INC,Information Technology,United States,NASDAQ,USD,mapped
russell_2500_proxy,JILL,JILL,J JILL INC,Consumer Discretionary,United States,NYSE,USD,mapped
russell_2500_proxy,FBYD,FBYD,FALCON S BEYOND GLOBAL INC CLASS A,Industrials,United States,NASDAQ,USD,mapped
russell_2500_proxy,PLAY,PLAY,DAVE AND BUSTERS ENTERTAINMENT,Consumer Discretionary,United States,NASDAQ,USD,mapped
russell_2500_proxy,HWBK,HWBK,HAWTHORN BANCSHARES,Financials,United States,NASDAQ,USD,mapped
russell_2500_proxy,BNED,BNED,BARNES AND NOBLE EDUCATION INC,Consumer Discretionary,United States,NYSE,USD,mapped
russell_2500_proxy,GBFH,GBFH,GBANK FINL HLDGS INC,Financials,United States,NASDAQ,USD,mapped
russell_2500_proxy,AMPY,AMPY,AMPLIFY ENERGY,Energy,United States,NYSE,USD,mapped
russell_2500_proxy,RSVR,RSVR,RESERVOIR MEDIA INC,Communication,United States,NASDAQ,USD,mapped
russell_2500_proxy,OVBC,OVBC,OHIO VALLEY BANC CORP,Financials,United States,NASDAQ,USD,mapped
russell_2500_proxy,DSP,DSP,VIANT TECHNOLOGY INC CLASS A,Information Technology,United States,NASDAQ,USD,mapped
russell_2500_proxy,ALXO,ALXO,ALX ONCOLOGY HOLDINGS INC,Health Care,United States,NASDAQ,USD,mapped
russell_2500_proxy,ELMD,ELMD,ELECTROMED INC,Health Care,United States,Nyse Mkt Llc,USD,mapped
russell_2500_proxy,NAGE,NAGE,NIAGEN BIOSCIENCE INC,Consumer Staples,United States,NASDAQ,USD,mapped
russell_2500_proxy,TNXP,TNXP,TONIX PHARMACEUTICALS HOLDING,Health Care,United States,NASDAQ,USD,mapped
russell_2500_proxy,SIDU,SIDU,SIDUS SPACE INC CLASS A,Industrials,United States,NASDAQ,USD,mapped
russell_2500_proxy,ESCA,ESCA,ESCALADE INC,Consumer Discretionary,United States,NASDAQ,USD,mapped
russell_2500_proxy,ASYS,ASYS,AMTECH SYSTEMS INC,Information Technology,United States,NASDAQ,USD,mapped
russell_2500_proxy,YSS,YSS,YORK SPACE SYSTEMS INC,Industrials,United States,NYSE,USD,mapped
russell_2500_proxy,CIA,CIA,CITIZENS INC CLASS A,Financials,United States,NYSE,USD,mapped
russell_2500_proxy,JRVR,JRVR,JAMES RIVER GROUP HOLDINGS INC,Financials,United States,NASDAQ,USD,mapped
russell_2500_proxy,UIS,UIS,UNISYS,Information Technology,United States,NYSE,USD,mapped
russell_2500_proxy,FC,FC,FRANKLIN COVEY,Industrials,United States,NYSE,USD,mapped
russell_2500_proxy,MNSB,MNSB,MAINSTREET BANCSHARES,Financials,United States,NASDAQ,USD,mapped
russell_2500_proxy,ANGI,ANGI,ANGI INC CLASS A,Communication,United States,NASDAQ,USD,mapped
russell_2500_proxy,LCTX,LCTX,LINEAGE CELL THERAPEUTICS INC,Health Care,United States,Nyse Mkt Llc,USD,mapped
russell_2500_proxy,IVVD,IVVD,INVIVYD,Health Care,United States,NASDAQ,USD,mapped
russell_2500_proxy,CMTV,CMTV,COMMUNITY BANCORP VT,Financials,United States,NASDAQ,USD,mapped
russell_2500_proxy,AIRO,AIRO,AIRO GROUP HOLDINGS INC,Industrials,United States,NASDAQ,USD,mapped
russell_2500_proxy,VYGR,VYGR,VOYAGER THERAPEUTICS,Health Care,United States,NASDAQ,USD,mapped
russell_2500_proxy,USNA,USNA,USANA HEALTH SCIENCES INC,Consumer Staples,United States,NYSE,USD,mapped
russell_2500_proxy,NCMI,NCMI,NATIONAL CINEMEDIA INC,Communication,United States,NASDAQ,USD,mapped
russell_2500_proxy,SITC,SITC,SITE CENTERS,Real Estate,United States,NYSE,USD,mapped
russell_2500_proxy,RILY,RILY,BRC GROUP HOLDINGS INC,Financials,United States,NASDAQ,USD,mapped
russell_2500_proxy,RBBN,RBBN,RIBBON COMMUNICATIONS,Information Technology,United States,NASDAQ,USD,mapped
russell_2500_proxy,ACTG,ACTG,ACACIA RESEARCH,Financials,United States,NASDAQ,USD,mapped
russell_2500_proxy,NLOP,NLOP,NET LEASE OFFICE PROPERTIES,Real Estate,United States,NYSE,USD,mapped
russell_2500_proxy,ZNTL,ZNTL,ZENTALIS PHARMACEUTICALS,Health Care,United States,NASDAQ,USD,mapped
russell_2500_proxy,ATOM,ATOM,ATOMERA INC,Information Technology,United States,NASDAQ,USD,mapped
russell_2500_proxy,PDEX,PDEX,PRO DEX INC,Health Care,United States,NASDAQ,USD,mapped
russell_2500_proxy,ALMU,ALMU,AELUMA INC,Information Technology,United States,NASDAQ,USD,mapped
russell_2500_proxy,CHRS,CHRS,COHERUS ONCOLOGY INC,Health Care,United States,NASDAQ,USD,mapped
russell_2500_proxy,BRT,BRT,BRT APARTMENTS CORP,Real Estate,United States,NYSE,USD,mapped
russell_2500_proxy,DOMO,DOMO,DOMO INC CLASS B,Information Technology,United States,NASDAQ,USD,mapped
russell_2500_proxy,GALT,GALT,GALECTIN THERAPEUTICS INC,Health Care,United States,NASDAQ,USD,mapped
russell_2500_proxy,MPAA,MPAA,MOTORCAR PARTS OF AMERICA INC,Consumer Discretionary,United States,NASDAQ,USD,mapped
russell_2500_proxy,NREF,NREF,NEXPOINT REAL ESTATE FINANCE,Financials,United States,NYSE,USD,mapped
russell_2500_proxy,FF,FF,FUTUREFUEL CORP,Energy,United States,NYSE,USD,mapped
russell_2500_proxy,AOMR,AOMR,ANGEL OAK MORTGAGE REIT,Financials,United States,NYSE,USD,mapped
russell_2500_proxy,ALTI,ALTI,ALTI GLOBAL INC CLASS A,Financials,United States,NASDAQ,USD,mapped
russell_2500_proxy,ESOA,ESOA,ENERGY SERVICES OF AMERICA CORP,Energy,United States,NASDAQ,USD,mapped
russell_2500_proxy,GENC,GENC,GENCOR INDUSTRIES INC,Industrials,United States,Nyse Mkt Llc,USD,mapped
russell_2500_proxy,LARK,LARK,LANDMARK BANCORP INC,Financials,United States,NASDAQ,USD,mapped
russell_2500_proxy,ACDC,ACDC,PROFRAC HOLDING CLASS A,Energy,United States,NASDAQ,USD,mapped
russell_2500_proxy,LZM,LZM,LIFEZONE METALS LTD,Materials,Isle of Man,NYSE,USD,mapped
russell_2500_proxy,BCBP,BCBP,BCB BANCORP INC,Financials,United States,NASDAQ,USD,mapped
russell_2500_proxy,SND,SND,SMART SAND INC,Energy,United States,NASDAQ,USD,mapped
russell_2500_proxy,PXED,PXED,PHOENIX EDUCATION PARTNERS,Consumer Discretionary,United States,NYSE,USD,mapped
russell_2500_proxy,PNRG,PNRG,PRIMEENERGY RESOURCES CORP,Energy,United States,NASDAQ,USD,mapped
russell_2500_proxy,FHTX,FHTX,FOGHORN THERAPEUTICS,Health Care,United States,NASDAQ,USD,mapped
russell_2500_proxy,DTIL,DTIL,PRECISION BIOSCIENCES INC,Health Care,United States,NASDAQ,USD,mapped
russell_2500_proxy,ADV,ADV,ADVANTAGE SOLUTIONS CLASS A,Communication,United States,NASDAQ,USD,mapped
russell_2500_proxy,MNTK,MNTK,MONTAUK RENEWABLES INC,Utilities,United States,NASDAQ,USD,mapped
russell_2500_proxy,SPRB,SPRB,SPRUCE BIOSCIENCES,Health Care,United States,NASDAQ,USD,mapped
russell_2500_proxy,BVFL,BVFL,BV FINANCIAL INC,Financials,United States,NASDAQ,USD,mapped
russell_2500_proxy,SABS,SABS,SAB BIOTHERAPEUTICS,Health Care,United States,NASDAQ,USD,mapped
russell_2500_proxy,KRMD,KRMD,KORU MEDICAL SYSTEMS INC,Health Care,United States,NASDAQ,USD,mapped
russell_2500_proxy,RGCO,RGCO,RGC RESOURCES INC,Utilities,United States,NASDAQ,USD,mapped
russell_2500_proxy,NC,NC,NACCO INDUSTRIES INC CLASS A,Energy,United States,NYSE,USD,mapped
russell_2500_proxy,SLNH,SLNH,SOLUNA HOLDINGS INC,Information Technology,United States,NASDAQ,USD,mapped
russell_2500_proxy,SSTK,SSTK,SHUTTERSTOCK,Communication,United States,NYSE,USD,mapped
russell_2500_proxy,RNA,RNA,ATRIUM THERAPEUTICS INC,Health Care,United States,NASDAQ,USD,mapped
russell_2500_proxy,AIRJ,AIRJ,AIRJOULE TECHNOLOGIES CLASS A,Industrials,United States,NASDAQ,USD,mapped
russell_2500_proxy,CBFV,CBFV,CB FINANCIAL SERVICES INC,Financials,United States,NASDAQ,USD,mapped
russell_2500_proxy,XZO,XZO,EXZEO GROUP INC,Financials,United States,NYSE,USD,mapped
russell_2500_proxy,SNFCA,SNFCA,SECURITY NATIONAL FINANCIAL CORP C,Financials,United States,NASDAQ,USD,mapped
russell_2500_proxy,CMTG,CMTG,CLAROS MORTGAGE TRUST INC,Financials,United States,NYSE,USD,mapped
russell_2500_proxy,PLTK,PLTK,PLAYTIKA HOLDING CORP,Communication,United States,NASDAQ,USD,mapped
russell_2500_proxy,QTRX,QTRX,QUANTERIX,Health Care,United States,NASDAQ,USD,mapped
russell_2500_proxy,SGC,SGC,SUPERIOR GROUP OF COMPANIES INC,Consumer Discretionary,United States,NASDAQ,USD,mapped
russell_2500_proxy,MVST,MVST,MICROVAST HOLDINGS,Industrials,United States,NASDAQ,USD,mapped
russell_2500_proxy,SION,SION,SIONNA THERAPEUTICS,Health Care,United States,NASDAQ,USD,mapped
russell_2500_proxy,DOUG,DOUG,DOUGLAS ELLIMAN INC,Real Estate,United States,NYSE,USD,mapped
russell_2500_proxy,SIGA,SIGA,SIGA TECHNOLOGIES INC,Health Care,United States,NASDAQ,USD,mapped
russell_2500_proxy,XPOF,XPOF,XPONENTIAL FITNESS CLASS A,Consumer Discretionary,United States,NYSE,USD,mapped
russell_2500_proxy,LWAY,LWAY,LIFEWAY FOODS INC,Consumer Staples,United States,NASDAQ,USD,mapped
russell_2500_proxy,KRRO,KRRO,KORRO BIO,Health Care,United States,NASDAQ,USD,mapped
russell_2500_proxy,SES,SES,SES AI CLASS A,Industrials,United States,NYSE,USD,mapped
russell_2500_proxy,SRBK,SRBK,SR BANCORP INC,Financials,United States,NASDAQ,USD,mapped
russell_2500_proxy,LFMD,LFMD,LIFEMD INC,Health Care,United States,NASDAQ,USD,mapped
russell_2500_proxy,GLSI,GLSI,GREENWICH LIFESCIENCES INC,Health Care,United States,NASDAQ,USD,mapped
russell_2500_proxy,INGN,INGN,INOGEN,Health Care,United States,NASDAQ,USD,mapped
russell_2500_proxy,CURI,CURI,CURIOSITYSTREAM INC CLASS A,Communication,United States,NASDAQ,USD,mapped
russell_2500_proxy,ESP,ESP,ESPEY MANUFACTURING AND ELECTRONIC,Industrials,United States,Nyse Mkt Llc,USD,mapped
russell_2500_proxy,CARL,CARL,CARLSMED,Health Care,United States,NASDAQ,USD,mapped
russell_2500_proxy,AP,AP,AMPCO PITTSBURGH CORP,Materials,United States,NYSE,USD,mapped
russell_2500_proxy,INSE,INSE,INSPIRED ENTERTAINMENT INC,Consumer Discretionary,United States,NASDAQ,USD,mapped
russell_2500_proxy,KLTR,KLTR,KALTURA INC,Information Technology,United States,NASDAQ,USD,mapped
russell_2500_proxy,LFCR,LFCR,LIFECORE BIOMEDICAL,Health Care,United States,NASDAQ,USD,mapped
russell_2500_proxy,ULH,ULH,UNIVERSAL LOGISTICS HOLDINGS INC,Industrials,United States,NASDAQ,USD,mapped
russell_2500_proxy,PRLD,PRLD,PRELUDE THERAPEUTICS,Health Care,United States,NASDAQ,USD,mapped
russell_2500_proxy,NKTX,NKTX,NKARTA,Health Care,United States,NASDAQ,USD,mapped
russell_2500_proxy,RMBI,RMBI,RICHMOND MUTUAL BANCORPORATION INC,Financials,United States,NASDAQ,USD,mapped
russell_2500_proxy,SRZN,SRZN,SURROZEN,Health Care,United States,NASDAQ,USD,mapped
russell_2500_proxy,MDWD,MDWD,MEDIWOUND LTD,Health Care,Israel,NASDAQ,USD,mapped
russell_2500_proxy,EAF,EAF,GRAFTECH INTERNATIONAL LTD,Industrials,United States,NYSE,USD,mapped
russell_2500_proxy,ALTG,ALTG,ALTA EQUIPMENT GROUP INC CLASS A,Industrials,United States,NYSE,USD,mapped
russell_2500_proxy,BRCB,BRCB,BLACK ROCK COFFEE BAR CLASS A,Consumer Discretionary,United States,NASDAQ,USD,mapped
russell_2500_proxy,LAW,LAW,CS DISCO,Information Technology,United States,NYSE,USD,mapped
russell_2500_proxy,CRBP,CRBP,CORBUS PHARMACEUTICALS HOLDINGS,Health Care,United States,NASDAQ,USD,mapped
russell_2500_proxy,WHG,WHG,WESTWOOD HOLDINGS GROUP INC,Financials,United States,NYSE,USD,mapped
russell_2500_proxy,EVMN,EVMN,EVOMMUNE,Health Care,United States,NYSE,USD,mapped
russell_2500_proxy,PROK,PROK,PROKIDNEY CORP CLASS A,Health Care,United States,NASDAQ,USD,mapped
russell_2500_proxy,MPLT,MPLT,MAPLIGHT THERAPEUTICS,Health Care,United States,NASDAQ,USD,mapped
russell_2500_proxy,CDXS,CDXS,CODEXIS,Health Care,United States,NASDAQ,USD,mapped
russell_2500_proxy,TTGT,TTGT,TECHTARGET INC,Communication,United States,NASDAQ,USD,mapped
russell_2500_proxy,CRBU,CRBU,CARIBOU BIOSCIENCES,Health Care,United States,NASDAQ,USD,mapped
russell_2500_proxy,INTT,INTT,INTEST CORP,Information Technology,United States,Nyse Mkt Llc,USD,mapped
russell_2500_proxy,WHWK,WHWK,WHITEHAWK THERAPEUTICS,Health Care,United States,NASDAQ,USD,mapped
russell_2500_proxy,SMTI,SMTI,SANARA MEDTECH INC,Health Care,United States,NASDAQ,USD,mapped
russell_2500_proxy,ZSQR,ZSQR,Z SQUARED INC,Information Technology,United States,NASDAQ,USD,mapped
russell_2500_proxy,ORMP,ORMP,ORAMED PHARMACEUTICALS INC,Health Care,United States,NASDAQ,USD,mapped
russell_2500_proxy,ANTX,ANTX,AN2 THERAPEUTICS INC,Health Care,United States,NASDAQ,USD,mapped
russell_2500_proxy,HNVR,HNVR,HANOVER BANCORP INC,Financials,United States,NASDAQ,USD,mapped
russell_2500_proxy,UNCY,UNCY,UNICYCIVE THERAPEUTICS INC,Health Care,United States,NASDAQ,USD,mapped
russell_2500_proxy,VERI,VERI,VERITONE INC,Information Technology,United States,NASDAQ,USD,mapped
russell_2500_proxy,MLP,MLP,MAUI LAND AND PINEAPPLE INC,Real Estate,United States,NYSE,USD,mapped
russell_2500_proxy,ADCT,ADCT,ADC THERAPEUTICS SA,Health Care,United States,NYSE,USD,mapped
russell_2500_proxy,EVCM,EVCM,EVERCOMMERCE INC,Information Technology,United States,NASDAQ,USD,mapped
russell_2500_proxy,EPM,EPM,EVOLUTION PETROLEUM CORP,Energy,United States,Nyse Mkt Llc,USD,mapped
russell_2500_proxy,GYRE,GYRE,GYRE THERAPEUTICS,Health Care,United States,NASDAQ,USD,mapped
russell_2500_proxy,ONL,ONL,ORION PROPERTIES,Real Estate,United States,NYSE,USD,mapped
russell_2500_proxy,FINW,FINW,FINWISE BANCORP,Financials,United States,NASDAQ,USD,mapped
russell_2500_proxy,CXDO,CXDO,CREXENDO INC,Information Technology,United States,NASDAQ,USD,mapped
russell_2500_proxy,LUCD,LUCD,LUCID DIAGNOSTICS INC,Health Care,United States,NASDAQ,USD,mapped
russell_2500_proxy,BALY,BALY,BALLY S,Consumer Discretionary,United States,NYSE,USD,mapped
russell_2500_proxy,NODK,NODK,NI HOLDINGS INC,Financials,United States,NASDAQ,USD,mapped
russell_2500_proxy,STRW,STRW,STRAWBERRY FIELDS REIT INC,Real Estate,United States,Nyse Mkt Llc,USD,mapped
russell_2500_proxy,BHR,BHR,BRAEMAR HOTELS RESORTS INC,Real Estate,United States,NYSE,USD,mapped
russell_2500_proxy,ONEW,ONEW,ONEWATER MARINE CLASS A INC,Consumer Discretionary,United States,NASDAQ,USD,mapped
russell_2500_proxy,RAIL,RAIL,FREIGHTCAR AMERICA INC,Industrials,United States,NASDAQ,USD,mapped
russell_2500_proxy,CVGI,CVGI,COMMERCIAL VEHICLE GROUP INC,Industrials,United States,NASDAQ,USD,mapped
russell_2500_proxy,ABOS,ABOS,ACUMEN PHARMACEUTICALS INC,Health Care,United States,NASDAQ,USD,mapped
russell_2500_proxy,AMTX,AMTX,AEMETIS INC,Energy,United States,NASDAQ,USD,mapped
russell_2500_proxy,RNAC,RNAC,CARTESIAN THERAPEUTICS,Health Care,United States,NASDAQ,USD,mapped
russell_2500_proxy,BETR,BETR,BETTER HOME FINANCE HOLDING CLASS,Financials,United States,NASDAQ,USD,mapped
russell_2500_proxy,PAL,PAL,PROFICIENT AUTO LOGISTICS INC,Industrials,United States,NASDAQ,USD,mapped
russell_2500_proxy,LE,LE,LAND END,Consumer Discretionary,United States,NASDAQ,USD,mapped
russell_2500_proxy,TRAK,TRAK,REPOSITRAK INC,Information Technology,United States,NYSE,USD,mapped
russell_2500_proxy,EVI,EVI,EVI INDUSTRIES INC,Industrials,United States,Nyse Mkt Llc,USD,mapped
russell_2500_proxy,CBNA,CBNA,CHAIN BRIDGE BANCORP INC CLASS A,Financials,United States,NYSE,USD,mapped
russell_2500_proxy,SAMG,SAMG,SILVERCREST ASSET MANAGEMENT GROUP,Financials,United States,NASDAQ,USD,mapped
russell_2500_proxy,GLIBA,GLIBA,LIBERTY CAPITAL SERIES A,Communication,United States,NASDAQ,USD,mapped
russell_2500_proxy,CABO,CABO,CABLE ONE INC,Communication,United States,NYSE,USD,mapped
russell_2500_proxy,LYEL,LYEL,LYELL IMMUNOPHARMA,Health Care,United States,NASDAQ,USD,mapped
russell_2500_proxy,ORGO,ORGO,ORGANOGENESIS HOLDINGS CLASS A,Health Care,United States,NASDAQ,USD,mapped
russell_2500_proxy,ELA,ELA,ENVELA CORP,Consumer Discretionary,United States,Nyse Mkt Llc,USD,mapped
russell_2500_proxy,EGAN,EGAN,EGAIN CORP,Information Technology,United States,NASDAQ,USD,mapped
russell_2500_proxy,ECBK,ECBK,ECB BANCORP INC,Financials,United States,NASDAQ,USD,mapped
russell_2500_proxy,CPSS,CPSS,CONSUMER PORTFOLIO SERVICES INC,Financials,United States,NASDAQ,USD,mapped
russell_2500_proxy,BDTX,BDTX,BLACK DIAMOND THERAPEUTICS INC,Health Care,United States,NASDAQ,USD,mapped
russell_2500_proxy,SWMR,SWMR,SWARMER INC,Industrials,United States,NASDAQ,USD,mapped
russell_2500_proxy,CNTN,CNTN,CANTON STRATEGIC HOLDINGS INC,Health Care,United States,NASDAQ,USD,mapped
russell_2500_proxy,TKNO,TKNO,ALPHA TEKNOVA,Health Care,United States,NASDAQ,USD,mapped
russell_2500_proxy,BRCC,BRCC,BRC INC CLASS A,Consumer Staples,United States,NYSE,USD,mapped
russell_2500_proxy,KVHI,KVHI,KVH INDUSTRIES INC,Information Technology,United States,NASDAQ,USD,mapped
russell_2500_proxy,NERV,NERV,MINERVA NEUROSCIENCES INC,Health Care,United States,NASDAQ,USD,mapped
russell_2500_proxy,LDI,LDI,LOANDEPOT INC CLASS A,Financials,United States,NYSE,USD,mapped
russell_2500_proxy,LENZ,LENZ,LENZ THERAPEUTICS,Health Care,United States,NASDAQ,USD,mapped
russell_2500_proxy,SVCO,SVCO,SILVACO GROUP INC,Information Technology,United States,NASDAQ,USD,mapped
russell_2500_proxy,OFLX,OFLX,OMEGA FLEX INC,Industrials,United States,NASDAQ,USD,mapped
russell_2500_proxy,LCUT,LCUT,LIFETIME BRANDS INC,Consumer Discretionary,United States,NASDAQ,USD,mapped
russell_2500_proxy,GWRS,GWRS,GLOBAL WATER RESOURCES INC,Utilities,United States,NASDAQ,USD,mapped
russell_2500_proxy,BH A,BH-A,BIGLARI HOLDINGS INC CLASS A,Consumer Discretionary,United States,NYSE,USD,mapped
russell_2500_proxy,STXS,STXS,STEREOTAXIS INC,Health Care,United States,Nyse Mkt Llc,USD,mapped
russell_2500_proxy,DIBS,DIBS,1STDIBS COM INC,Consumer Discretionary,United States,NASDAQ,USD,mapped
russell_2500_proxy,EPSN,EPSN,EPSILON ENERGY LTD,Energy,United States,NASDAQ,USD,mapped
russell_2500_proxy,DMRC,DMRC,DIGIMARC,Information Technology,United States,NASDAQ,USD,mapped
russell_2500_proxy,CAMP,CAMP,CAMP4 THERAPEUTICS CORP,Health Care,United States,NASDAQ,USD,mapped
russell_2500_proxy,CURV,CURV,TORRID HOLDINGS INC,Consumer Discretionary,United States,NYSE,USD,mapped
russell_2500_proxy,ACH,ACH,ACCENDRA HEALTH,Health Care,United States,NYSE,USD,mapped
russell_2500_proxy,FOA,FOA,FINANCE OF AMERICA COMPANIES INC C,Financials,United States,NYSE,USD,mapped
russell_2500_proxy,KLC,KLC,KINDERCARE LEARNING COMPANIES INC,Consumer Discretionary,United States,NYSE,USD,mapped
russell_2500_proxy,RBKB,RBKB,RHINEBECK BANCORP INC,Financials,United States,NASDAQ,USD,mapped
russell_2500_proxy,NPWR,NPWR,NET POWER CLASS A,Industrials,United States,NYSE,USD,mapped
russell_2500_proxy,TRON,TRON,TRON INC,Consumer Discretionary,United States,NASDAQ,USD,mapped
russell_2500_proxy,BZAI,BZAI,BLAIZE HOLDINGS INC,Information Technology,United States,NASDAQ,USD,mapped
russell_2500_proxy,NMRA,NMRA,NEUMORA THERAPEUTICS INC,Health Care,United States,NASDAQ,USD,mapped
russell_2500_proxy,ACR,ACR,ACRES COMMERCIAL REALTY,Financials,United States,NYSE,USD,mapped
russell_2500_proxy,TCX,TCX,TUCOWS INC,Information Technology,United States,NASDAQ,USD,mapped
russell_2500_proxy,PAMT,PAMT,PAMT CORP,Industrials,United States,NASDAQ,USD,mapped
russell_2500_proxy,SBC,SBC,SBC MEDICAL GROUP HOLDINGS INC,Health Care,United States,NASDAQ,USD,mapped
russell_2500_proxy,SMID,SMID,SMITH MIDLAND CORP,Materials,United States,NASDAQ,USD,mapped
russell_2500_proxy,HQI,HQI,HIREQUEST INC,Industrials,United States,NASDAQ,USD,mapped
russell_2500_proxy,RFIL,RFIL,RF INDUSTRIES LTD,Information Technology,United States,NASDAQ,USD,mapped
russell_2500_proxy,OKUR,OKUR,ONKURE THERAPEUTICS INC CLASS A,Health Care,United States,NASDAQ,USD,mapped
russell_2500_proxy,VENU,VENU,VENU HOLDING CORP,Consumer Discretionary,United States,Nyse Mkt Llc,USD,mapped
russell_2500_proxy,THRY,THRY,THRYV HOLDINGS INC,Information Technology,United States,NASDAQ,USD,mapped
russell_2500_proxy,WATT,WATT,ENERGOUS CORP,Industrials,United States,NASDAQ,USD,mapped
russell_2500_proxy,RDNW,RDNW,RIDENOW GROUP INC CLASS B,Consumer Discretionary,United States,NASDAQ,USD,mapped
russell_2500_proxy,ZENA,ZENA,ZENATECH,Information Technology,Canada,NASDAQ,USD,mapped
russell_2500_proxy,CIX,CIX,COMPX INTERNATIONAL INC CLASS A,Industrials,United States,Nyse Mkt Llc,USD,mapped
russell_2500_proxy,PPHC,PPHC,PUBLIC POLICY HOLDING INC,Industrials,United States,NASDAQ,USD,mapped
russell_2500_proxy,VHI,VHI,VALHI INC,Materials,United States,NYSE,USD,mapped
russell_2500_proxy,FJET,FJET,STARFIGHTERS SPACE INC,Industrials,United States,Nyse Mkt Llc,USD,mapped
russell_2500_proxy,FLWS,FLWS,1-800 FLOWERS.COM CLASS A,Consumer Discretionary,United States,NASDAQ,USD,mapped
russell_2500_proxy,INSG,INSG,INSEEGO,Information Technology,United States,NASDAQ,USD,mapped
russell_2500_proxy,TCI,TCI,TRANSCONTINENTAL REALTY INVESTORS,Real Estate,United States,NYSE,USD,mapped
russell_2500_proxy,NL,NL,NLI HOLDINGS INC,Industrials,United States,NYSE,USD,mapped
russell_2500_proxy,HYPR,HYPR,HYPERFINE CLASS A,Health Care,United States,NASDAQ,USD,mapped
russell_2500_proxy,OPTX,OPTX,SYNTEC OPTICS HOLDINGS INC CLASS A,Information Technology,United States,NASDAQ,USD,mapped
russell_2500_proxy,AIRS,AIRS,AIRSCULPT TECHNOLOGIES INC,Health Care,United States,NASDAQ,USD,mapped
russell_2500_proxy,MKTW,MKTW,MARKETWISE INC CLASS A,Financials,United States,NASDAQ,USD,mapped
russell_2500_proxy,PLBY,PLBY,PLAYBOY INC,Consumer Discretionary,United States,NASDAQ,USD,mapped
russell_2500_proxy,TENX,TENX,TENAX THERAPEUTICS INC,Health Care,United States,NASDAQ,USD,mapped
russell_2500_proxy,ARTV,ARTV,ARTIVA BIOTHERAPEUTICS INC,Health Care,United States,NASDAQ,USD,mapped
russell_2500_proxy,HRTX,HRTX,HERON THERAPEUTICS INC,Health Care,United States,NASDAQ,USD,mapped
russell_2500_proxy,OPAL,OPAL,OPAL FUELS CLASS A,Energy,United States,NASDAQ,USD,mapped
russell_2500_proxy,VALU,VALU,VALUE LINE INC,Financials,United States,NASDAQ,USD,mapped
russell_2500_proxy,AKE,AKE,AKERO THERAPEUTICS CVR,Health Care,United States,NASDAQ,USD,mapped
russell_2500_proxy,CHCI,CHCI,COMSTOCK HOLDING COMPANIES INC CLA,Real Estate,United States,NASDAQ,USD,mapped
russell_2500_proxy,CVRX,CVRX,CVRX,Health Care,United States,NASDAQ,USD,mapped
russell_2500_proxy,RDZN,RDZN,ROADZEN INC,Information Technology,United States,NASDAQ,USD,mapped
russell_2500_proxy,NAUT,NAUT,NAUTILUS BIOTECHNOLGY,Health Care,United States,NASDAQ,USD,mapped
russell_2500_proxy,SBMT,SBMT,SILVER BOW MINING CORP,Materials,United States,Nyse Mkt Llc,USD,mapped
russell_2500_proxy,INV,INV,INNVENTURE INC,Financials,United States,NASDAQ,USD,mapped
russell_2500_proxy,IDN,IDN,INTELLICHECK INC,Information Technology,United States,NASDAQ,USD,mapped
russell_2500_proxy,VATE,VATE,INNOVATE CORP,Industrials,United States,NYSE,USD,mapped
russell_2500_proxy,BNAI,BNAI,BRAND ENGAGEMENT NETWORK INC,Information Technology,United States,NASDAQ,USD,mapped
russell_2500_proxy,TYGO,TYGO,TIGO ENERGY,Industrials,United States,NASDAQ,USD,mapped
russell_2500_proxy,CNTX,CNTX,CONTEXT THERAPEUTICS INC,Health Care,United States,NASDAQ,USD,mapped
russell_2500_proxy,KPTI,KPTI,KARYOPHARM THERAPEUTICS,Health Care,United States,NASDAQ,USD,mapped
russell_2500_proxy,TOYO,TOYO,TOYO LTD,Information Technology,Japan,NASDAQ,USD,mapped
russell_2500_proxy,FGBI,FGBI,FIRST GUARANTY BANCSHARES INC,Financials,United States,NASDAQ,USD,mapped
russell_2500_proxy,AFRI,AFRI,FORAFRIC GLOBAL PLC,Consumer Staples,Gibraltar,NASDAQ,USD,mapped
russell_2500_proxy,LEE,LEE,LEE ENTERPRISES INC,Communication,United States,NASDAQ,USD,mapped
russell_2500_proxy,ARMP,ARMP,ARMATA PHARMACEUTICALS,Health Care,United States,Nyse Mkt Llc,USD,mapped
russell_2500_proxy,USGO,USGO,US GOLDMINING INC,Materials,United States,NASDAQ,USD,mapped
russell_2500_proxy,LVWR,LVWR,LIVEWIRE GROUP,Consumer Discretionary,United States,NYSE,USD,mapped
russell_2500_proxy,ELTX,ELTX,ELICIO THERAPEUTICS INC,Health Care,United States,NASDAQ,USD,mapped
russell_2500_proxy,FLYX,FLYX,FLYEXCLUSIVE INC CLASS A,Industrials,United States,Nyse Mkt Llc,USD,mapped
russell_2500_proxy,CNTB,CNTB,CONNECT BIOPHARMA HOLDINGS LTD,Health Care,United States,NASDAQ,USD,mapped
russell_2500_proxy,ARL,ARL,AMERICAN REALTY INVESTORS INC,Real Estate,United States,NYSE,USD,mapped
russell_2500_proxy,RENT,RENT,RENT THE RUNWAY CLASS A,Consumer Discretionary,United States,NASDAQ,USD,mapped
russell_2500_proxy,METCB,METCB,RAMACO RESOURCES CLASS B,Materials,United States,NASDAQ,USD,mapped
russell_2500_proxy,UP,UP,WHEELS UP EXPERIENCE CLASS A,Industrials,United States,NYSE,USD,mapped
russell_2500_proxy,PDLI,PDLI,PDL BIOPHARMA INC,Health Care,United States,NASDAQ,USD,mapped
russell_2500_proxy,P5N994,P5N994,Petrocorp Inc Escrow,Energy,United States,Non-Nms Quotation Service (Nnqs),USD,mapped
russell_2500_proxy,SBT,SBT,STERLING BANCORP INC,Financials,United States,NASDAQ,USD,mapped
russell_2500_proxy,THRD,THRD,THIRD HARMONIC BIO INC,Health Care,United States,NASDAQ,USD,mapped
russell_2500_proxy,GTXI,GTXI,GTXI INC - CVR,Health Care,United States,NASDAQ,USD,mapped
stoxx_600_proxy,ASML,ASML.AS,ASML HOLDING,Information Technology,Netherlands,Euronext Amsterdam,EUR,mapped
stoxx_600_proxy,HSBA,HSBA.L,HSBC HOLDINGS PLC,Financials,United Kingdom,London Stock Exchange,GBP,mapped
stoxx_600_proxy,ROP,ROP.SW,ROCHE PS PAR AG,Health Care,Switzerland,SIX Swiss Exchange,CHF,mapped
stoxx_600_proxy,NOVN,NOVN.SW,NOVARTIS AG,Health Care,Switzerland,SIX Swiss Exchange,CHF,mapped
stoxx_600_proxy,SHELL,SHELL.AS,SHELL PLC,Energy,United Kingdom,Euronext Amsterdam,EUR,mapped
stoxx_600_proxy,AZN,AZN.L,ASTRAZENECA PLC,Health Care,United Kingdom,London Stock Exchange,GBP,mapped
stoxx_600_proxy,NESN,NESN.SW,NESTLE SA,Consumer Staples,Switzerland,SIX Swiss Exchange,CHF,mapped
stoxx_600_proxy,SIE,SIE.DE,SIEMENS N AG,Industrials,Germany,Xetra,EUR,mapped
stoxx_600_proxy,SAN,SAN.MC,BANCO SANTANDER,Financials,Spain,Bolsa De Madrid,EUR,mapped
stoxx_600_proxy,SAP,SAP.DE,SAP,Information Technology,Germany,Xetra,EUR,mapped
stoxx_600_proxy,TTE,TTE.PA,TOTALENERGIES,Energy,France,Nyse Euronext - Euronext Paris,EUR,mapped
stoxx_600_proxy,ALV,ALV.DE,ALLIANZ,Financials,Germany,Xetra,EUR,mapped
stoxx_600_proxy,SU,SU.PA,SCHNEIDER ELECTRIC,Industrials,France,Nyse Euronext - Euronext Paris,EUR,mapped
stoxx_600_proxy,RR.,RR.L,ROLLS-ROYCE HOLDINGS PLC,Industrials,United Kingdom,London Stock Exchange,GBP,mapped
stoxx_600_proxy,BBVA,BBVA.MC,BANCO BILBAO VIZCAYA ARGENTARIA SA,Financials,Spain,Bolsa De Madrid,EUR,mapped
stoxx_600_proxy,UBSG,UBSG.SW,UBS GROUP AG,Financials,Switzerland,SIX Swiss Exchange,CHF,mapped
stoxx_600_proxy,ABBN,ABBN.SW,ABB LTD,Industrials,Switzerland,SIX Swiss Exchange,CHF,mapped
stoxx_600_proxy,IBE,IBE.MC,IBERDROLA,Utilities,Spain,Bolsa De Madrid,EUR,mapped
stoxx_600_proxy,UCG,UCG.MI,UNICREDIT,Financials,Italy,Borsa Italiana,EUR,mapped
stoxx_600_proxy,SAF,SAF.PA,SAFRAN SA,Industrials,France,Nyse Euronext - Euronext Paris,EUR,mapped
stoxx_600_proxy,NOVO B,NOVO-B.CO,NOVO NORDISK CLASS B,Health Care,Denmark,Omx Nordic Exchange Copenhagen A/S,DKK,mapped
stoxx_600_proxy,ULVR,ULVR.L,UNILEVER PLC,Consumer Staples,United Kingdom,London Stock Exchange,GBP,mapped
stoxx_600_proxy,ENR,ENR.DE,SIEMENS ENERGY N AG,Industrials,Germany,Xetra,EUR,mapped
stoxx_600_proxy,AIR,AIR.PA,AIRBUS GROUP,Industrials,France,Nyse Euronext - Euronext Paris,EUR,mapped
stoxx_600_proxy,BP.,BP.L,BP PLC,Energy,United Kingdom,London Stock Exchange,GBP,mapped
stoxx_600_proxy,BNP,BNP.PA,BNP PARIBAS SA,Financials,France,Nyse Euronext - Euronext Paris,EUR,mapped
stoxx_600_proxy,BATS,BATS.L,BRITISH AMERICAN TOBACCO,Consumer Staples,United Kingdom,London Stock Exchange,GBP,mapped
stoxx_600_proxy,AI,AI.PA,LAIR LIQUIDE SOCIETE ANONYME POUR,Materials,France,Nyse Euronext - Euronext Paris,EUR,mapped
stoxx_600_proxy,ISP,ISP.MI,INTESA SANPAOLO,Financials,Italy,Borsa Italiana,EUR,mapped
stoxx_600_proxy,MC,MC.PA,LVMH,Consumer Discretionary,France,Nyse Euronext - Euronext Paris,EUR,mapped
stoxx_600_proxy,ZURN,ZURN.SW,ZURICH INSURANCE GROUP AG,Financials,Switzerland,SIX Swiss Exchange,CHF,mapped
stoxx_600_proxy,DTE,DTE.DE,DEUTSCHE TELEKOM N AG,Communication,Germany,Xetra,EUR,mapped
stoxx_600_proxy,CFR,CFR.SW,COMPAGNIE FINANCIERE RICHEMONT SA,Consumer Discretionary,Switzerland,SIX Swiss Exchange,CHF,mapped
stoxx_600_proxy,INGA,INGA.AS,ING GROEP,Financials,Netherlands,Euronext Amsterdam,EUR,mapped
stoxx_600_proxy,RIO,RIO.L,RIO TINTO PLC,Materials,United Kingdom,London Stock Exchange,GBP,mapped
stoxx_600_proxy,OR,OR.PA,LOREAL SA,Consumer Staples,France,Nyse Euronext - Euronext Paris,EUR,mapped
stoxx_600_proxy,GSK,GSK.L,GLAXOSMITHKLINE,Health Care,United Kingdom,London Stock Exchange,GBP,mapped
stoxx_600_proxy,SAN,SAN.PA,SANOFI SA,Health Care,France,Nyse Euronext - Euronext Paris,EUR,mapped
stoxx_600_proxy,CS,CS.PA,AXA SA,Financials,France,Nyse Euronext - Euronext Paris,EUR,mapped
stoxx_600_proxy,BARC,BARC.L,BARCLAYS PLC,Financials,United Kingdom,London Stock Exchange,GBP,mapped
stoxx_600_proxy,LLOY,LLOY.L,LLOYDS BANKING GROUP PLC,Financials,United Kingdom,London Stock Exchange,GBP,mapped
stoxx_600_proxy,BA.,BA.L,BAE SYSTEMS PLC,Industrials,United Kingdom,London Stock Exchange,GBP,mapped
stoxx_600_proxy,IFX,IFX.DE,INFINEON TECHNOLOGIES AG,Information Technology,Germany,Xetra,EUR,mapped
stoxx_600_proxy,ENEL,ENEL.MI,ENEL,Utilities,Italy,Borsa Italiana,EUR,mapped
stoxx_600_proxy,ABI,ABI.BR,ANHEUSER-BUSCH INBEV SA,Consumer Staples,Belgium,Nyse Euronext - Euronext Brussels,EUR,mapped
stoxx_600_proxy,NG.,NG.L,NATIONAL GRID PLC,Utilities,United Kingdom,London Stock Exchange,GBP,mapped
stoxx_600_proxy,NWG,NWG.L,NATWEST GROUP PLC,Financials,United Kingdom,London Stock Exchange,GBP,mapped
stoxx_600_proxy,DBK,DBK.DE,DEUTSCHE BANK AG,Financials,Germany,Xetra,EUR,mapped
stoxx_600_proxy,DG,DG.PA,VINCI SA,Industrials,France,Nyse Euronext - Euronext Paris,EUR,mapped
stoxx_600_proxy,INVE B,INVE-B.ST,INVESTOR CLASS B,Financials,Sweden,Nasdaq Omx Nordic,SEK,mapped
stoxx_600_proxy,MUV2,MUV2.DE,MUENCHENER RUECKVERSICHERUNGS-GESE,Financials,Germany,Xetra,EUR,mapped
stoxx_600_proxy,GLEN,GLEN.L,GLENCORE PLC,Materials,United Kingdom,London Stock Exchange,GBP,mapped
stoxx_600_proxy,NDA FI,NDA-FI.HE,NORDEA BANK,Financials,Finland,Nasdaq Omx Helsinki Ltd.,EUR,mapped
stoxx_600_proxy,ITX,ITX.MC,INDUSTRIA DE DISENO TEXTIL SA,Consumer Discretionary,Spain,Bolsa De Madrid,EUR,mapped
stoxx_600_proxy,GLE,GLE.PA,SOCIETE GENERALE SA,Financials,France,Nyse Euronext - Euronext Paris,EUR,mapped
stoxx_600_proxy,REL,REL.L,RELX PLC,Industrials,United Kingdom,London Stock Exchange,GBP,mapped
stoxx_600_proxy,ARGX,ARGX.BR,ARGENX,Health Care,Belgium,Nyse Euronext - Euronext Brussels,EUR,mapped
stoxx_600_proxy,DHL,DHL.DE,DHL AG,Industrials,Germany,Xetra,EUR,mapped
stoxx_600_proxy,DB1,DB1.DE,DEUTSCHE BOERSE AG,Financials,Germany,Xetra,EUR,mapped
stoxx_600_proxy,AAL,AAL.L,ANGLO AMERICAN PLC,Materials,United Kingdom,London Stock Exchange,GBP,mapped
stoxx_600_proxy,NOKIA,NOKIA.HE,NOKIA,Information Technology,Finland,Nasdaq Omx Helsinki Ltd.,EUR,mapped
stoxx_600_proxy,G,G.MI,ASSICURAZIONI GENERALI,Financials,Italy,Borsa Italiana,EUR,mapped
stoxx_600_proxy,STAN,STAN.L,STANDARD CHARTERED PLC,Financials,United Kingdom,London Stock Exchange,GBP,mapped
stoxx_600_proxy,ENI,ENI.MI,ENI,Energy,Italy,Borsa Italiana,EUR,mapped
stoxx_600_proxy,RMS,RMS.PA,HERMES INTERNATIONAL,Consumer Discretionary,France,Nyse Euronext - Euronext Paris,EUR,mapped
stoxx_600_proxy,BAYN,BAYN.DE,BAYER AG,Health Care,Germany,Xetra,EUR,mapped
stoxx_600_proxy,CPG,CPG.L,COMPASS GROUP PLC,Consumer Discretionary,United Kingdom,London Stock Exchange,USD,mapped
stoxx_600_proxy,VOLV B,VOLV-B.ST,VOLVO CLASS B,Industrials,Sweden,Nasdaq Omx Nordic,SEK,mapped
stoxx_600_proxy,RHM,RHM.DE,RHEINMETALL AG,Industrials,Germany,Xetra,EUR,mapped
stoxx_600_proxy,ENGI,ENGI.PA,ENGIE SA,Utilities,France,Nyse Euronext - Euronext Paris,EUR,mapped
stoxx_600_proxy,BAS,BAS.DE,BASF N,Materials,Germany,Xetra,EUR,mapped
stoxx_600_proxy,LSEG,LSEG.L,LONDON STOCK EXCHANGE GROUP PLC,Financials,United Kingdom,London Stock Exchange,GBP,mapped
stoxx_600_proxy,CABK,CABK.MC,CAIXABANK SA,Financials,Spain,Bolsa De Madrid,EUR,mapped
stoxx_600_proxy,ATCO A,ATCO-A.ST,ATLAS COPCO CLASS A,Industrials,Sweden,Nasdaq Omx Nordic,SEK,mapped
stoxx_600_proxy,PRX,PRX.AS,PROSUS NV CLASS N,Consumer Discretionary,Netherlands,Euronext Amsterdam,EUR,mapped
stoxx_600_proxy,EL,EL.PA,ESSILORLUXOTTICA SA,Health Care,France,Nyse Euronext - Euronext Paris,EUR,mapped
stoxx_600_proxy,SREN,SREN.SW,SWISS RE AG,Financials,Switzerland,SIX Swiss Exchange,CHF,mapped
stoxx_600_proxy,RACE,RACE.MI,FERRARI,Consumer Discretionary,Italy,Borsa Italiana,EUR,mapped
stoxx_600_proxy,DGE,DGE.L,DIAGEO PLC,Consumer Staples,United Kingdom,London Stock Exchange,GBP,mapped
stoxx_600_proxy,LONN,LONN.SW,LONZA GROUP AG,Health Care,Switzerland,SIX Swiss Exchange,CHF,mapped
stoxx_600_proxy,EOAN,EOAN.DE,E.ON N,Utilities,Germany,Xetra,EUR,mapped
stoxx_600_proxy,BN,BN.PA,DANONE SA,Consumer Staples,France,Nyse Euronext - Euronext Paris,EUR,mapped
stoxx_600_proxy,RWE,RWE.DE,RWE AG,Utilities,Germany,Xetra,EUR,mapped
stoxx_600_proxy,ASM,ASM.AS,ASM INTERNATIONAL NV,Information Technology,Netherlands,Euronext Amsterdam,EUR,mapped
stoxx_600_proxy,HOLN,HOLN.SW,HOLCIM LTD AG,Materials,Switzerland,SIX Swiss Exchange,CHF,mapped
stoxx_600_proxy,RKT,RKT.L,RECKITT BENCKISER GROUP PLC,Consumer Staples,United Kingdom,London Stock Exchange,GBP,mapped
stoxx_600_proxy,EBS,EBS.VI,ERSTE GROUP BANK AG,Financials,Austria,Wiener Boerse Ag,EUR,mapped
stoxx_600_proxy,LR,LR.PA,LEGRAND SA,Industrials,France,Nyse Euronext - Euronext Paris,EUR,mapped
stoxx_600_proxy,TSCO,TSCO.L,TESCO PLC,Consumer Staples,United Kingdom,London Stock Exchange,GBP,mapped
stoxx_600_proxy,PRY,PRY.MI,PRYSMIAN,Industrials,Italy,Borsa Italiana,EUR,mapped
stoxx_600_proxy,HLN,HLN.L,HALEON PLC,Health Care,United Kingdom,London Stock Exchange,GBP,mapped
stoxx_600_proxy,SSE,SSE.L,SSE PLC,Utilities,United Kingdom,London Stock Exchange,GBP,mapped
stoxx_600_proxy,SAND,SAND.ST,SANDVIK,Industrials,Sweden,Nasdaq Omx Nordic,SEK,mapped
stoxx_600_proxy,SGO,SGO.PA,COMPAGNIE DE SAINT GOBAIN SA,Industrials,France,Nyse Euronext - Euronext Paris,EUR,mapped
stoxx_600_proxy,DSV,DSV.CO,DSV,Industrials,Denmark,Omx Nordic Exchange Copenhagen A/S,DKK,mapped
stoxx_600_proxy,REP,REP.MC,REPSOL,Energy,Spain,Bolsa De Madrid,EUR,mapped
stoxx_600_proxy,EQNR,EQNR.OL,EQUINOR,Energy,Norway,Oslo Bors Asa,NOK,mapped
stoxx_600_proxy,SWED A,SWED-A.ST,SWEDBANK,Financials,Sweden,Nasdaq Omx Nordic,SEK,mapped
stoxx_600_proxy,MBG,MBG.DE,MERCEDES-BENZ GROUP N AG,Consumer Discretionary,Germany,Xetra,EUR,mapped
stoxx_600_proxy,DANSKE,DANSKE.CO,DANSKE BANK,Financials,Denmark,Omx Nordic Exchange Copenhagen A/S,DKK,mapped
stoxx_600_proxy,SEB A,SEB-A.ST,SKANDINAVISKA ENSKILDA BANKEN,Financials,Sweden,Nasdaq Omx Nordic,SEK,mapped
stoxx_600_proxy,SDZ,SDZ.SW,SANDOZ GROUP AG,Health Care,Switzerland,SIX Swiss Exchange,CHF,mapped
stoxx_600_proxy,SIKA,SIKA.SW,SIKA AG,Materials,Switzerland,SIX Swiss Exchange,CHF,mapped
stoxx_600_proxy,GALD,GALD.SW,GALDERMA GROUP N AG,Health Care,Switzerland,SIX Swiss Exchange,CHF,mapped
stoxx_600_proxy,ORA,ORA.PA,ORANGE SA,Communication,France,Nyse Euronext - Euronext Paris,EUR,mapped
stoxx_600_proxy,ASSA B,ASSA-B.ST,ASSA ABLOY B,Industrials,Sweden,Nasdaq Omx Nordic,SEK,mapped
stoxx_600_proxy,III,III.L,3I GROUP PLC,Financials,United Kingdom,London Stock Exchange,GBP,mapped
stoxx_600_proxy,PRU,PRU.L,PRUDENTIAL PLC,Financials,United Kingdom,London Stock Exchange,GBP,mapped
stoxx_600_proxy,VOD,VOD.L,VODAFONE GROUP PLC,Communication,United Kingdom,London Stock Exchange,GBP,mapped
stoxx_600_proxy,EXPN,EXPN.L,EXPERIAN PLC,Industrials,United Kingdom,London Stock Exchange,GBP,mapped
stoxx_600_proxy,KBC,KBC.BR,KBC GROEP,Financials,Belgium,Nyse Euronext - Euronext Brussels,EUR,mapped
stoxx_600_proxy,MT,MT.AS,ARCELORMITTAL SA,Materials,France,Euronext Amsterdam,EUR,mapped
stoxx_600_proxy,ADYEN,ADYEN.AS,ADYEN,Financials,Netherlands,Euronext Amsterdam,EUR,mapped
stoxx_600_proxy,ALC,ALC.SW,ALCON AG,Health Care,Switzerland,SIX Swiss Exchange,CHF,mapped
stoxx_600_proxy,AD,AD.AS,KONINKLIJKE AHOLD DELHAIZE,Consumer Staples,Netherlands,Euronext Amsterdam,EUR,mapped
stoxx_600_proxy,STMMI,STMMI.MI,STMICROELECTRONICS,Information Technology,France,Borsa Italiana,EUR,mapped
stoxx_600_proxy,VWS,VWS.CO,VESTAS WIND SYSTEMS,Industrials,Denmark,Omx Nordic Exchange Copenhagen A/S,DKK,mapped
stoxx_600_proxy,SLHN,SLHN.SW,SWISS LIFE HOLDING AG,Financials,Switzerland,SIX Swiss Exchange,CHF,mapped
stoxx_600_proxy,ABN,ABN.AS,ABN AMRO BANK NV,Financials,Netherlands,Euronext Amsterdam,EUR,mapped
stoxx_600_proxy,GIVN,GIVN.SW,GIVAUDAN SA,Materials,Switzerland,SIX Swiss Exchange,CHF,mapped
stoxx_600_proxy,BMPS,BMPS.MI,BANCA MONTE DEI PASCHI DI SIENA SP,Financials,Italy,Borsa Italiana,EUR,mapped
stoxx_600_proxy,ERIC B,ERIC-B.ST,ERICSSON B,Information Technology,Sweden,Nasdaq Omx Nordic,SEK,mapped
stoxx_600_proxy,UCB,UCB.BR,UCB SA,Health Care,Belgium,Nyse Euronext - Euronext Brussels,EUR,mapped
stoxx_600_proxy,ADS,ADS.DE,ADIDAS N AG,Consumer Discretionary,Germany,Xetra,EUR,mapped
stoxx_600_proxy,AV.,AV.L,AVIVA PLC,Financials,United Kingdom,London Stock Exchange,GBP,mapped
stoxx_600_proxy,DNB,DNB.OL,DNB BANK,Financials,Norway,Oslo Bors Asa,NOK,mapped
stoxx_600_proxy,AMS,AMS.MC,AMADEUS IT GROUP,Consumer Discretionary,Spain,Bolsa De Madrid,EUR,mapped
stoxx_600_proxy,A5G,A5G.IR,AIB GROUP PLC,Financials,Ireland,Irish Stock Exchange - All Market,EUR,mapped
stoxx_600_proxy,SAMPO,SAMPO.HE,SAMPO CLASS A,Financials,Finland,Nasdaq Omx Helsinki Ltd.,EUR,mapped
stoxx_600_proxy,PKO,PKO.WA,POWSZECHNA KASA OSZCZEDNOSCI BANK,Financials,Poland,Warsaw Stock Exchange/Equities/Main Market,PLN,mapped
stoxx_600_proxy,FER,FER.MC,FERROVIAL NV,Industrials,Spain,Bolsa De Madrid,EUR,mapped
stoxx_600_proxy,DTG,DTG.DE,DAIMLER TRUCK HOLDING E AG,Industrials,Germany,Xetra,EUR,mapped
stoxx_600_proxy,PUB,PUB.PA,PUBLICIS GROUPE,Communication,France,Nyse Euronext - Euronext Paris,EUR,mapped
stoxx_600_proxy,ML,ML.PA,MICHELIN,Consumer Discretionary,France,Nyse Euronext - Euronext Paris,EUR,mapped
stoxx_600_proxy,HO,HO.PA,THALES SA,Industrials,France,Nyse Euronext - Euronext Paris,EUR,mapped
stoxx_600_proxy,EQT,EQT.ST,EQT,Financials,Sweden,Nasdaq Omx Nordic,SEK,mapped
stoxx_600_proxy,BPE,BPE.MI,BPER BANCA,Financials,Italy,Borsa Italiana,EUR,mapped
stoxx_600_proxy,IMB,IMB.L,IMPERIAL BRANDS PLC,Consumer Staples,United Kingdom,London Stock Exchange,GBP,mapped
stoxx_600_proxy,VIE,VIE.PA,VEOLIA ENVIRON. SA,Utilities,France,Nyse Euronext - Euronext Paris,EUR,mapped
stoxx_600_proxy,SHB A,SHB-A.ST,SVENSKA HANDELSBANKEN-A SHS,Financials,Sweden,Nasdaq Omx Nordic,SEK,mapped
stoxx_600_proxy,NN,NN.AS,NN GROUP,Financials,Netherlands,Euronext Amsterdam,EUR,mapped
stoxx_600_proxy,BMW,BMW.DE,BMW,Consumer Discretionary,Germany,Xetra,EUR,mapped
stoxx_600_proxy,ACA,ACA.PA,CREDIT AGRICOLE SA,Financials,France,Nyse Euronext - Euronext Paris,EUR,mapped
stoxx_600_proxy,PKN,PKN.WA,ORLEN,Energy,Poland,Warsaw Stock Exchange/Equities/Main Market,PLN,mapped
stoxx_600_proxy,HEIA,HEIA.AS,HEINEKEN NV,Consumer Staples,Netherlands,Euronext Amsterdam,EUR,mapped
stoxx_600_proxy,NXT,NXT.L,NEXT PLC,Consumer Discretionary,United Kingdom,London Stock Exchange,GBP,mapped
stoxx_600_proxy,IHG,IHG.L,INTERCONTINENTAL HOTELS GROUP PLC,Consumer Discretionary,United Kingdom,London Stock Exchange,USD,mapped
stoxx_600_proxy,KNEBV,KNEBV.HE,KONE,Industrials,Finland,Nasdaq Omx Helsinki Ltd.,EUR,mapped
stoxx_600_proxy,GEBN,GEBN.SW,GEBERIT AG,Industrials,Switzerland,SIX Swiss Exchange,CHF,mapped
stoxx_600_proxy,NSIS B,NSIS-B.CO,NOVOZYMES B,Materials,Denmark,Omx Nordic Exchange Copenhagen A/S,DKK,mapped
stoxx_600_proxy,LDO,LDO.MI,LEONARDO FINMECCANICA SPA,Industrials,Italy,Borsa Italiana,EUR,mapped
stoxx_600_proxy,LGEN,LGEN.L,LEGAL AND GENERAL GROUP PLC,Financials,United Kingdom,London Stock Exchange,GBP,mapped
stoxx_600_proxy,ACS,ACS.MC,ACS ACTIVIDADES DE CONSTRUCCION Y,Industrials,Spain,Bolsa De Madrid,EUR,mapped
stoxx_600_proxy,MTX,MTX.DE,MTU AERO ENGINES HOLDING AG,Industrials,Germany,Xetra,EUR,mapped
stoxx_600_proxy,GMAB,GMAB.CO,GENMAB,Health Care,Denmark,Omx Nordic Exchange Copenhagen A/S,DKK,mapped
stoxx_600_proxy,FRE,FRE.DE,FRESENIUS N,Health Care,Germany,Xetra,EUR,mapped
stoxx_600_proxy,HBAN,HBAN.SW,HELVETIA BALOISE HOLDING N AG,Financials,Switzerland,SIX Swiss Exchange,CHF,mapped
stoxx_600_proxy,AENA,AENA.MC,AENA SME SA,Industrials,Spain,Bolsa De Madrid,EUR,mapped
stoxx_600_proxy,BIRG,BIRG.IR,BANK OF IRELAND GROUP PLC,Financials,Ireland,Irish Stock Exchange - All Market,EUR,mapped
stoxx_600_proxy,CBK,CBK.DE,COMMERZBANK AG,Financials,Germany,Xetra,EUR,mapped
stoxx_600_proxy,RYA,RYA.IR,RYANAIR HOLDINGS PLC,Industrials,Ireland,Irish Stock Exchange - All Market,EUR,mapped
stoxx_600_proxy,CAP,CAP.PA,CAPGEMINI,Information Technology,France,Nyse Euronext - Euronext Paris,EUR,mapped
stoxx_600_proxy,SCMN,SCMN.SW,SWISSCOM AG,Communication,Switzerland,SIX Swiss Exchange,CHF,mapped
stoxx_600_proxy,HEI,HEI.DE,HEIDELBERG MATERIALS AG,Materials,Germany,Xetra,EUR,mapped
stoxx_600_proxy,SAB,SAB.MC,BANCO DE SABADELL,Financials,Spain,Bolsa De Madrid,EUR,mapped
stoxx_600_proxy,HEXA B,HEXA-B.ST,HEXAGON CLASS B,Information Technology,Sweden,Nasdaq Omx Nordic,SEK,mapped
stoxx_600_proxy,BAMI,BAMI.MI,BANCO BPM,Financials,Italy,Borsa Italiana,EUR,mapped
stoxx_600_proxy,SAAB B,SAAB-B.ST,SAAB CLASS B,Industrials,Sweden,Nasdaq Omx Nordic,SEK,mapped
stoxx_600_proxy,VACN,VACN.SW,VAT GROUP AG,Industrials,Switzerland,SIX Swiss Exchange,CHF,mapped
stoxx_600_proxy,MRK,MRK.DE,MERCK,Health Care,Germany,Xetra,EUR,mapped
stoxx_600_proxy,PHIA,PHIA.AS,KONINKLIJKE PHILIPS,Health Care,Netherlands,Euronext Amsterdam,EUR,mapped
stoxx_600_proxy,SGSN,SGSN.SW,SGS SA,Industrials,Switzerland,SIX Swiss Exchange,CHF,mapped
stoxx_600_proxy,KER,KER.PA,KERING SA,Consumer Discretionary,France,Nyse Euronext - Euronext Paris,EUR,mapped
stoxx_600_proxy,VOW3,VOW3.DE,VOLKSWAGEN NON-VOTING PREF AG,Consumer Discretionary,Germany,Xetra,EUR,mapped
stoxx_600_proxy,ANTO,ANTO.L,ANTOFAGASTA PLC,Materials,United Kingdom,London Stock Exchange,GBP,mapped
stoxx_600_proxy,UMG,UMG.AS,UNIVERSAL MUSIC GROUP,Communication,Netherlands,Euronext Amsterdam,EUR,mapped
stoxx_600_proxy,WKL,WKL.AS,WOLTERS KLUWER,Industrials,Netherlands,Euronext Amsterdam,EUR,mapped
stoxx_600_proxy,BAER,BAER.SW,JULIUS BAER GRUPPE AG,Financials,Switzerland,SIX Swiss Exchange,CHF,mapped
stoxx_600_proxy,KPN,KPN.AS,KONINKLIJKE KPN NV,Communication,Netherlands,Euronext Amsterdam,EUR,mapped
stoxx_600_proxy,DSFIR,DSFIR.AS,DSM FIRMENICH AG,Materials,Netherlands,Euronext Amsterdam,EUR,mapped
stoxx_600_proxy,HLMA,HLMA.L,HALMA PLC,Information Technology,United Kingdom,London Stock Exchange,GBP,mapped
stoxx_600_proxy,BT.A,BT.A.L,BT GROUP PLC,Communication,United Kingdom,London Stock Exchange,GBP,mapped
stoxx_600_proxy,DSY,DSY.PA,DASSAULT SYSTEMES,Information Technology,France,Nyse Euronext - Euronext Paris,EUR,mapped
stoxx_600_proxy,HNR1,HNR1.DE,HANNOVER RUECK,Financials,Germany,Xetra,EUR,mapped
stoxx_600_proxy,PGHN,PGHN.SW,PARTNERS GROUP HOLDING AG,Financials,Switzerland,SIX Swiss Exchange,CHF,mapped
stoxx_600_proxy,KRX,KRX.IR,KINGSPAN GROUP PLC,Industrials,Ireland,Irish Stock Exchange - All Market,EUR,mapped
stoxx_600_proxy,NESTE,NESTE.HE,NESTE,Energy,Finland,Nasdaq Omx Helsinki Ltd.,EUR,mapped
stoxx_600_proxy,EPI A,EPI-A.ST,EPIROC CLASS A,Industrials,Sweden,Nasdaq Omx Nordic,SEK,mapped
stoxx_600_proxy,EDP,,EDP ENERGIAS DE PORTUGAL,Utilities,Portugal,Nyse Euronext - Euronext Lisbon,EUR,unmapped
stoxx_600_proxy,SHL,SHL.DE,SIEMENS HEALTHINEERS AG,Health Care,Germany,Xetra,EUR,mapped
stoxx_600_proxy,ALFA,ALFA.ST,ALFA LAVAL,Industrials,Sweden,Nasdaq Omx Nordic,SEK,mapped
stoxx_600_proxy,ELE,ELE.MC,ENDESA SA,Utilities,Spain,Bolsa De Madrid,EUR,mapped
stoxx_600_proxy,FBK,FBK.MI,FINECOBANK BANCA FINECO,Financials,Italy,Borsa Italiana,EUR,mapped
stoxx_600_proxy,TEF,TEF.MC,TELEFONICA SA,Communication,Spain,Bolsa De Madrid,EUR,mapped
stoxx_600_proxy,WRT1V,WRT1V.HE,WARTSILA,Industrials,Finland,Nasdaq Omx Helsinki Ltd.,EUR,mapped
stoxx_600_proxy,UPM,UPM.HE,UPM-KYMMENE,Materials,Finland,Nasdaq Omx Helsinki Ltd.,EUR,mapped
stoxx_600_proxy,BG,BG.VI,BAWAG GROUP AG,Financials,Austria,Wiener Boerse Ag,EUR,mapped
stoxx_600_proxy,SGRO,SGRO.L,SEGRO REIT PLC,Real Estate,United Kingdom,London Stock Exchange,GBP,mapped
stoxx_600_proxy,BESI,BESI.AS,BE SEMICONDUCTOR INDUSTRIES NV,Information Technology,Netherlands,Euronext Amsterdam,EUR,mapped
stoxx_600_proxy,BOL,BOL.ST,BOLIDEN,Materials,Sweden,Nasdaq Omx Nordic,SEK,mapped
stoxx_600_proxy,INF,INF.L,INFORMA PLC,Communication,United Kingdom,London Stock Exchange,GBP,mapped
stoxx_600_proxy,TRN,TRN.MI,TERNA RETE ELETTRICA NAZIONALE,Utilities,Italy,Borsa Italiana,EUR,mapped
stoxx_600_proxy,VNA,VNA.DE,VONOVIA SE,Real Estate,Germany,Xetra,EUR,mapped
stoxx_600_proxy,KRZ,KRZ.IR,KERRY GROUP PLC,Consumer Staples,Ireland,Irish Stock Exchange - All Market,EUR,mapped
stoxx_600_proxy,TIT,TIT.MI,TELECOM ITALIA,Communication,Italy,Borsa Italiana,EUR,mapped
stoxx_600_proxy,ESSITY B,ESSITY-B.ST,ESSITY CLASS B,Consumer Staples,Sweden,Nasdaq Omx Nordic,SEK,mapped
stoxx_600_proxy,KOG,KOG.OL,KONGSBERG GRUPPEN,Industrials,Norway,Oslo Bors Asa,NOK,mapped
stoxx_600_proxy,LOGN,LOGN.SW,LOGITECH INTERNATIONAL,Information Technology,Switzerland,SIX Swiss Exchange,CHF,mapped
stoxx_600_proxy,SOON,SOON.SW,SONOVA HOLDING AG,Health Care,Switzerland,SIX Swiss Exchange,CHF,mapped
stoxx_600_proxy,PST,PST.MI,POSTE ITALIANE,Financials,Italy,Borsa Italiana,EUR,mapped
stoxx_600_proxy,ENX,ENX.PA,EURONEXT NV,Financials,France,Nyse Euronext - Euronext Paris,EUR,mapped
stoxx_600_proxy,KNIN,KNIN.SW,KUEHNE UND NAGEL INTERNATIONAL AG,Industrials,Switzerland,SIX Swiss Exchange,CHF,mapped
stoxx_600_proxy,CLNX,CLNX.MC,CELLNEX TELECOM,Communication,Spain,Bolsa De Madrid,EUR,mapped
stoxx_600_proxy,STMN,STMN.SW,STRAUMANN HOLDING AG,Health Care,Switzerland,SIX Swiss Exchange,CHF,mapped
stoxx_600_proxy,EN,EN.PA,BOUYGUES SA,Industrials,France,Nyse Euronext - Euronext Paris,EUR,mapped
stoxx_600_proxy,UU.,UU.L,UNITED UTILITIES GROUP PLC,Utilities,United Kingdom,London Stock Exchange,GBP,mapped
stoxx_600_proxy,AGS,AGS.BR,AGEAS,Financials,Belgium,Nyse Euronext - Euronext Brussels,EUR,mapped
stoxx_600_proxy,SY1,SY1.DE,SYMRISE AG,Materials,Germany,Xetra,EUR,mapped
stoxx_600_proxy,IAG,IAG.L,INTERNATIONAL AIRLINES GROUP,Industrials,Spain,London Stock Exchange,GBP,mapped
stoxx_600_proxy,RI,RI.PA,PERNOD RICARD SA,Consumer Staples,France,Nyse Euronext - Euronext Paris,EUR,mapped
stoxx_600_proxy,ADM,ADM.L,ADMIRAL GROUP PLC,Financials,United Kingdom,London Stock Exchange,GBP,mapped
stoxx_600_proxy,METSO,METSO.HE,METSO CORPORATION,Industrials,Finland,Nasdaq Omx Helsinki Ltd.,EUR,mapped
stoxx_600_proxy,PEO,PEO.WA,BANK PEKAO SA,Financials,Poland,Warsaw Stock Exchange/Equities/Main Market,PLN,mapped
stoxx_600_proxy,DPLM,DPLM.L,DIPLOMA PLC,Industrials,United Kingdom,London Stock Exchange,GBP,mapped
stoxx_600_proxy,SRG,SRG.MI,SNAM,Utilities,Italy,Borsa Italiana,EUR,mapped
stoxx_600_proxy,SGE,SGE.L,THE SAGE GROUP,Information Technology,United Kingdom,London Stock Exchange,GBP,mapped
stoxx_600_proxy,SCHP,SCHP.SW,SCHINDLER HOLDING PAR AG,Industrials,Switzerland,SIX Swiss Exchange,CHF,mapped
stoxx_600_proxy,HEN3,HEN3.DE,HENKEL & KGAA PREF AG,Consumer Staples,Germany,Xetra,EUR,mapped
stoxx_600_proxy,CCH,CCH.L,COCA COLA HBC AG,Consumer Staples,United Kingdom,London Stock Exchange,GBP,mapped
stoxx_600_proxy,UNI,UNI.MI,UNIPOL ASSICURAZIONI SPA,Financials,Italy,Borsa Italiana,EUR,mapped
stoxx_600_proxy,KGH,KGH.WA,KGHM POLSKA MIEDZ SA,Materials,Poland,Warsaw Stock Exchange/Equities/Main Market,PLN,mapped
stoxx_600_proxy,FORTUM,FORTUM.HE,FORTUM,Utilities,Finland,Nasdaq Omx Helsinki Ltd.,EUR,mapped
stoxx_600_proxy,BCP,,BANCO COMERCIAL PORTUGUES SA,Financials,Portugal,Nyse Euronext - Euronext Lisbon,EUR,unmapped
stoxx_600_proxy,ALE,ALE.WA,ALLEGRO SA,Consumer Discretionary,Poland,Warsaw Stock Exchange/Equities/Main Market,PLN,mapped
stoxx_600_proxy,ASRNL,ASRNL.AS,ASR NEDERLAND,Financials,Netherlands,Euronext Amsterdam,EUR,mapped
stoxx_600_proxy,ITRK,ITRK.L,INTERTEK GROUP PLC,Industrials,United Kingdom,London Stock Exchange,GBP,mapped
stoxx_600_proxy,SPSN,SPSN.SW,SWISS PRIME SITE AG,Real Estate,Switzerland,SIX Swiss Exchange,CHF,mapped
stoxx_600_proxy,CA,CA.PA,CARREFOUR SA,Consumer Staples,France,Nyse Euronext - Euronext Paris,EUR,mapped
stoxx_600_proxy,NTGY,NTGY.MC,NATURGY ENERGY GROUP SA,Utilities,Spain,Bolsa De Madrid,EUR,mapped
stoxx_600_proxy,NHY,NHY.OL,NORSK HYDRO,Materials,Norway,Oslo Bors Asa,NOK,mapped
stoxx_600_proxy,BKT,BKT.MC,BANKINTER SA,Financials,Spain,Bolsa De Madrid,EUR,mapped
stoxx_600_proxy,OMV,OMV.VI,OMV,Energy,Austria,Wiener Boerse Ag,EUR,mapped
stoxx_600_proxy,CARL B,CARL-B.CO,CARLSBERG AS CL B,Consumer Staples,Denmark,Omx Nordic Exchange Copenhagen A/S,DKK,mapped
stoxx_600_proxy,AKRBP,AKRBP.OL,AKER BP,Energy,Norway,Oslo Bors Asa,NOK,mapped
stoxx_600_proxy,EVO,EVO.ST,EVOLUTION,Consumer Discretionary,Sweden,Nasdaq Omx Nordic,SEK,mapped
stoxx_600_proxy,FGR,FGR.PA,EIFFAGE SA,Industrials,France,Nyse Euronext - Euronext Paris,EUR,mapped
stoxx_600_proxy,SN.,SN.L,SMITH AND NEPHEW PLC,Health Care,United Kingdom,London Stock Exchange,GBP,mapped
stoxx_600_proxy,MAERSK B,MAERSK-B.CO,A P MOLLER MAERSK B,Industrials,Denmark,Omx Nordic Exchange Copenhagen A/S,DKK,mapped
stoxx_600_proxy,URW,URW.PA,UNIBAIL RODAMCO WE STAPLED UNITS,Real Estate,France,Nyse Euronext - Euronext Paris,EUR,mapped
stoxx_600_proxy,TELIA,TELIA.ST,TELIA COMPANY,Communication,Sweden,Nasdaq Omx Nordic,SEK,mapped
stoxx_600_proxy,BVI,BVI.PA,BUREAU VERITAS SA,Industrials,France,Nyse Euronext - Euronext Paris,EUR,mapped
stoxx_600_proxy,BNZL,BNZL.L,BUNZL,Industrials,United Kingdom,London Stock Exchange,GBP,mapped
stoxx_600_proxy,AGN,AGN.AS,AEGON,Financials,Netherlands,Euronext Amsterdam,EUR,mapped
stoxx_600_proxy,SMIN,SMIN.L,SMITHS GROUP PLC,Industrials,United Kingdom,London Stock Exchange,GBP,mapped
stoxx_600_proxy,MONC,MONC.MI,MONCLER,Consumer Discretionary,Italy,Borsa Italiana,EUR,mapped
stoxx_600_proxy,G1A,G1A.DE,GEA GROUP AG,Industrials,Germany,Xetra,EUR,mapped
stoxx_600_proxy,PZU,PZU.WA,PZU SA,Financials,Poland,Warsaw Stock Exchange/Equities/Main Market,PLN,mapped
stoxx_600_proxy,AKZA,AKZA.AS,AKZO NOBEL,Materials,Netherlands,Euronext Amsterdam,EUR,mapped
stoxx_600_proxy,SOBI,SOBI.ST,SWEDISH ORPHAN BIOVITRUM,Health Care,Sweden,Nasdaq Omx Nordic,SEK,mapped
stoxx_600_proxy,AC,AC.PA,ACCOR SA,Consumer Discretionary,France,Nyse Euronext - Euronext Paris,EUR,mapped
stoxx_600_proxy,RTO,RTO.L,RENTOKIL INITIAL PLC,Industrials,United Kingdom,London Stock Exchange,GBP,mapped
stoxx_600_proxy,IMI,IMI.L,IMI PLC,Industrials,United Kingdom,London Stock Exchange,GBP,mapped
stoxx_600_proxy,ORNBV,ORNBV.HE,ORION CLASS B,Health Care,Finland,Nasdaq Omx Helsinki Ltd.,EUR,mapped
stoxx_600_proxy,STLAM,STLAM.MI,STELLANTIS,Consumer Discretionary,Italy,Borsa Italiana,EUR,mapped
stoxx_600_proxy,SVT,SVT.L,SEVERN TRENT PLC,Utilities,United Kingdom,London Stock Exchange,GBP,mapped
stoxx_600_proxy,BEZ,BEZ.L,BEAZLEY PLC,Financials,United Kingdom,London Stock Exchange,GBP,mapped
stoxx_600_proxy,SDLF,SDLF.L,STANDARD LIFE PLC,Financials,United Kingdom,London Stock Exchange,GBP,mapped
stoxx_600_proxy,LISP,LISP.SW,CHOCOLADEFABRIKEN LINDT & SPRUENGL,Consumer Staples,Switzerland,SIX Swiss Exchange,CHF,mapped
stoxx_600_proxy,MNG,MNG.L,M&G PLC,Financials,United Kingdom,London Stock Exchange,GBP,mapped
stoxx_600_proxy,ERF,ERF.PA,EUROFINS SCIENTIFIC,Health Care,France,Nyse Euronext - Euronext Paris,EUR,mapped
stoxx_600_proxy,PSON,PSON.L,PEARSON PLC,Consumer Discretionary,United Kingdom,London Stock Exchange,GBP,mapped
stoxx_600_proxy,GALP,,GALP ENERGIA SGPS SA CLASS B,Energy,Portugal,Nyse Euronext - Euronext Lisbon,EUR,unmapped
stoxx_600_proxy,ORSTED,ORSTED.CO,ORSTED A/S,Utilities,Denmark,Omx Nordic Exchange Copenhagen A/S,DKK,mapped
stoxx_600_proxy,INDU C,INDU-C.ST,INDUSTRIVARDEN SERIES,Financials,Sweden,Nasdaq Omx Nordic,SEK,mapped
stoxx_600_proxy,MKS,MKS.L,MARKS AND SPENCER GROUP PLC,Consumer Staples,United Kingdom,London Stock Exchange,GBP,mapped
stoxx_600_proxy,COLO B,COLO-B.CO,COLOPLAST B,Health Care,Denmark,Omx Nordic Exchange Copenhagen A/S,DKK,mapped
stoxx_600_proxy,MICC,MICC.AS,MAGNUM ICE CREAM,Consumer Staples,Netherlands,Euronext Amsterdam,EUR,mapped
stoxx_600_proxy,WEIR,WEIR.L,WEIR PLC,Industrials,United Kingdom,London Stock Exchange,GBP,mapped
stoxx_600_proxy,WISE,WISE.L,WISE PLC CLASS A,Financials,United Kingdom,London Stock Exchange,GBP,mapped
stoxx_600_proxy,CNA,CNA.L,CENTRICA PLC,Utilities,United Kingdom,London Stock Exchange,GBP,mapped
stoxx_600_proxy,TEL2 B,TEL2-B.ST,TELE2 B,Communication,Sweden,Nasdaq Omx Nordic,SEK,mapped
stoxx_600_proxy,GTT,GTT.PA,GAZTRANSPORT & TECHNIGAZ SA,Energy,France,Nyse Euronext - Euronext Paris,EUR,mapped
stoxx_600_proxy,TEL,TEL.OL,TELENOR,Communication,Norway,Oslo Bors Asa,NOK,mapped
stoxx_600_proxy,SKA B,SKA-B.ST,SKANSKA B,Industrials,Sweden,Nasdaq Omx Nordic,SEK,mapped
stoxx_600_proxy,LI,LI.PA,KLEPIERRE REIT SA,Real Estate,France,Nyse Euronext - Euronext Paris,EUR,mapped
stoxx_600_proxy,SKF B,SKF-B.ST,SKF B,Industrials,Sweden,Nasdaq Omx Nordic,SEK,mapped
stoxx_600_proxy,RBI,RBI.VI,RAIFFEISEN BANK INTERNATIONAL AG,Financials,Austria,Wiener Boerse Ag,EUR,mapped
stoxx_600_proxy,MOWI,MOWI.OL,MOWI,Consumer Staples,Norway,Oslo Bors Asa,NOK,mapped
stoxx_600_proxy,RXL,RXL.PA,REXEL SA,Industrials,France,Nyse Euronext - Euronext Paris,EUR,mapped
stoxx_600_proxy,CON,CON.DE,CONTINENTAL AG,Consumer Discretionary,Germany,Xetra,EUR,mapped
stoxx_600_proxy,QIA,,QIAGEN,Health Care,Germany,Deutsche Boerse Xetra,EUR,unmapped
stoxx_600_proxy,BEAN,BEAN.SW,BELIMO N AG,Industrials,Switzerland,SIX Swiss Exchange,CHF,mapped
stoxx_600_proxy,TREL B,TREL-B.ST,TRELLEBORG B,Industrials,Sweden,Nasdaq Omx Nordic,SEK,mapped
stoxx_600_proxy,PNDORA,PNDORA.CO,PANDORA,Consumer Discretionary,Denmark,Omx Nordic Exchange Copenhagen A/S,DKK,mapped
stoxx_600_proxy,HSX,HSX.L,HISCOX LTD,Financials,United Kingdom,London Stock Exchange,GBP,mapped
stoxx_600_proxy,STB,STB.OL,STOREBRAND,Financials,Norway,Oslo Bors Asa,NOK,mapped
stoxx_600_proxy,HEIO,HEIO.AS,HEINEKEN HOLDING NV,Consumer Staples,Netherlands,Euronext Amsterdam,EUR,mapped
stoxx_600_proxy,TEN,TEN.MI,TENARIS SA,Energy,Italy,Borsa Italiana,EUR,mapped
stoxx_600_proxy,FME,FME.DE,FRESENIUS MEDICAL CARE AG,Health Care,Germany,Xetra,EUR,mapped
stoxx_600_proxy,ACLN,ACLN.SW,ACCELLERON N AG,Industrials,Switzerland,SIX Swiss Exchange,CHF,mapped
stoxx_600_proxy,TLX,TLX.DE,TALANX AG,Financials,Germany,Xetra,EUR,mapped
stoxx_600_proxy,SPIE,SPIE.PA,SPIE SA,Industrials,France,Nyse Euronext - Euronext Paris,EUR,mapped
stoxx_600_proxy,TKA,TKA.DE,THYSSENKRUPP AG,Materials,Germany,Xetra,EUR,mapped
stoxx_600_proxy,ADDT B,ADDT-B.ST,ADDTECH CLASS B,Industrials,Sweden,Nasdaq Omx Nordic,SEK,mapped
stoxx_600_proxy,BNR,BNR.DE,BRENNTAG,Industrials,Germany,Xetra,EUR,mapped
stoxx_600_proxy,EBP,EBP.WA,ERSTE BANK POLSKA SA,Financials,Poland,Warsaw Stock Exchange/Equities/Main Market,PLN,mapped
stoxx_600_proxy,EXO,EXO.AS,EXOR NV,Financials,Netherlands,Euronext Amsterdam,EUR,mapped
stoxx_600_proxy,DHER,DHER.DE,DELIVERY HERO,Consumer Discretionary,Germany,Xetra,EUR,mapped
stoxx_600_proxy,EDEN,EDEN.PA,EDENRED,Financials,France,Nyse Euronext - Euronext Paris,EUR,mapped
stoxx_600_proxy,HOT,HOT.DE,HOCHTIEF AG,Industrials,Germany,Xetra,EUR,mapped
stoxx_600_proxy,SDR,SDR.L,SCHRODERS PLC,Financials,United Kingdom,London Stock Exchange,GBP,mapped
stoxx_600_proxy,PSPN,PSPN.SW,PSP SWISS PROPERTY AG,Real Estate,Switzerland,SIX Swiss Exchange,CHF,mapped
stoxx_600_proxy,YAR,YAR.OL,YARA INTERNATIONAL,Materials,Norway,Oslo Bors Asa,NOK,mapped
stoxx_600_proxy,LTMC,LTMC.MI,LOTTOMATICA GROUP,Consumer Discretionary,Italy,Borsa Italiana,EUR,mapped
stoxx_600_proxy,NKT,NKT.CO,NKT,Industrials,Denmark,Omx Nordic Exchange Copenhagen A/S,DKK,mapped
stoxx_600_proxy,SBRY,SBRY.L,SAINSBURY(J) PLC,Consumer Staples,United Kingdom,London Stock Exchange,GBP,mapped
stoxx_600_proxy,HM B,HM-B.ST,HENNES & MAURITZ,Consumer Discretionary,Sweden,Nasdaq Omx Nordic,SEK,mapped
stoxx_600_proxy,MRO,MRO.L,MELROSE INDUSTRIES PLC,Industrials,United Kingdom,London Stock Exchange,GBP,mapped
stoxx_600_proxy,SUBC,SUBC.OL,SUBSEA,Energy,Norway,Oslo Bors Asa,NOK,mapped
stoxx_600_proxy,FRO,FRO.OL,FRONTLINE PLC,Energy,Norway,Oslo Bors Asa,NOK,mapped
stoxx_600_proxy,KBX,KBX.DE,KNORR BREMSE AG,Industrials,Germany,Xetra,EUR,mapped
stoxx_600_proxy,GAW,GAW.L,GAMES WORKSHOP GROUP PLC,Consumer Discretionary,United Kingdom,London Stock Exchange,GBP,mapped
stoxx_600_proxy,SECU B,SECU-B.ST,SECURITAS B,Industrials,Sweden,Nasdaq Omx Nordic,SEK,mapped
stoxx_600_proxy,FRES,FRES.L,FRESNILLO PLC,Materials,United Kingdom,London Stock Exchange,GBP,mapped
stoxx_600_proxy,BEI,BEI.DE,BEIERSDORF AG,Consumer Staples,Germany,Xetra,EUR,mapped
stoxx_600_proxy,STJ,STJ.L,ST JAMESS PLACE PLC,Financials,United Kingdom,London Stock Exchange,GBP,mapped
stoxx_600_proxy,KCR,KCR.HE,KONECRANES,Industrials,Finland,Nasdaq Omx Helsinki Ltd.,EUR,mapped
stoxx_600_proxy,LIFCO B,LIFCO-B.ST,LIFCO CLASS B,Industrials,Sweden,Nasdaq Omx Nordic,SEK,mapped
stoxx_600_proxy,DCC,DCC.L,DCC ENERGY PLC,Energy,United Kingdom,London Stock Exchange,GBP,mapped
stoxx_600_proxy,ALSYDB,ALSYDB.CO,AL SYDBANK,Financials,Denmark,Omx Nordic Exchange Copenhagen A/S,DKK,mapped
stoxx_600_proxy,TRYG,TRYG.CO,TRYG,Financials,Denmark,Omx Nordic Exchange Copenhagen A/S,DKK,mapped
stoxx_600_proxy,LPP,LPP.WA,LPP SA,Consumer Discretionary,Poland,Warsaw Stock Exchange/Equities/Main Market,PLN,mapped
stoxx_600_proxy,ELI,ELI.BR,ELIA GROUP SA,Utilities,Belgium,Nyse Euronext - Euronext Brussels,EUR,mapped
stoxx_600_proxy,KGF,KGF.L,KINGFISHER PLC,Consumer Discretionary,United Kingdom,London Stock Exchange,GBP,mapped
stoxx_600_proxy,SCA B,SCA-B.ST,SVENSKA CELLULOSA B,Materials,Sweden,Nasdaq Omx Nordic,SEK,mapped
stoxx_600_proxy,ORK,ORK.OL,ORKLA,Consumer Staples,Norway,Oslo Bors Asa,NOK,mapped
stoxx_600_proxy,ICG,ICG.L,ICG PLC,Financials,United Kingdom,London Stock Exchange,GBP,mapped
stoxx_600_proxy,ABVX,ABVX.PA,ABIVAX SA,Health Care,France,Nyse Euronext - Euronext Paris,EUR,mapped
stoxx_600_proxy,IDR,IDR.MC,INDRA SISTEMAS SA,Information Technology,Spain,Bolsa De Madrid,EUR,mapped
stoxx_600_proxy,ABF,ABF.L,ASSOCIATED BRITISH FOODS PLC,Consumer Staples,United Kingdom,London Stock Exchange,GBP,mapped
stoxx_600_proxy,RILBA,RILBA.CO,RINGKJOBING LANDBOBANK,Financials,Denmark,Omx Nordic Exchange Copenhagen A/S,DKK,mapped
stoxx_600_proxy,STERV,STERV.HE,STORA ENSO CLASS R,Materials,Finland,Nasdaq Omx Helsinki Ltd.,EUR,mapped
stoxx_600_proxy,KESKOB,KESKOB.HE,KESKO CLASS B,Consumer Staples,Finland,Nasdaq Omx Helsinki Ltd.,EUR,mapped
stoxx_600_proxy,ACKB,ACKB.BR,ACKERMANS & VAN HAAREN NV,Industrials,Belgium,Nyse Euronext - Euronext Brussels,EUR,mapped
stoxx_600_proxy,JYSK,JYSK.CO,JYSKE BANK,Financials,Denmark,Omx Nordic Exchange Copenhagen A/S,DKK,mapped
stoxx_600_proxy,SPX,SPX.L,SPIRAX GROUP PLC,Industrials,United Kingdom,London Stock Exchange,GBP,mapped
stoxx_600_proxy,AED,AED.BR,AEDIFICA NV,Real Estate,Belgium,Nyse Euronext - Euronext Brussels,EUR,mapped
stoxx_600_proxy,SSAB B,SSAB-B.ST,SSAB CLASS B,Materials,Sweden,Nasdaq Omx Nordic,SEK,mapped
stoxx_600_proxy,SRT3,SRT3.DE,SARTORIUS PREF AG,Health Care,Germany,Xetra,EUR,mapped
stoxx_600_proxy,BAB,BAB.L,BABCOCK INTERNATIONAL GROUP PLC,Industrials,United Kingdom,London Stock Exchange,GBP,mapped
stoxx_600_proxy,ELISA,ELISA.HE,ELISA,Communication,Finland,Nasdaq Omx Helsinki Ltd.,EUR,mapped
stoxx_600_proxy,RNO,RNO.PA,RENAULT SA,Consumer Discretionary,France,Nyse Euronext - Euronext Paris,EUR,mapped
stoxx_600_proxy,SPM,SPM.MI,SAIPEM,Energy,Italy,Borsa Italiana,EUR,mapped
stoxx_600_proxy,REC,REC.MI,RECORDATI INDUSTRIA CHIMICA E FARM,Health Care,Italy,Borsa Italiana,EUR,mapped
stoxx_600_proxy,IPN,IPN.PA,IPSEN SA,Health Care,France,Nyse Euronext - Euronext Paris,EUR,mapped
stoxx_600_proxy,EMSN,EMSN.SW,EMS-CHEMIE HOLDING AG,Materials,Switzerland,SIX Swiss Exchange,CHF,mapped
stoxx_600_proxy,G24,G24.DE,SCOUT24 N,Communication,Germany,Xetra,EUR,mapped
stoxx_600_proxy,INDT,INDT.ST,INDUTRADE,Industrials,Sweden,Nasdaq Omx Nordic,SEK,mapped
stoxx_600_proxy,UHR,UHR.SW,THE SWATCH GROUP AG,Consumer Discretionary,Switzerland,SIX Swiss Exchange,CHF,mapped
stoxx_600_proxy,AMUN,AMUN.PA,AMUNDI SA,Financials,France,Nyse Euronext - Euronext Paris,EUR,mapped
stoxx_600_proxy,ALO,ALO.PA,ALSTOM SA,Industrials,France,Nyse Euronext - Euronext Paris,EUR,mapped
stoxx_600_proxy,GBLB,GBLB.BR,GROUPE BRUXELLES LAMBERT NV,Financials,Belgium,Nyse Euronext - Euronext Brussels,EUR,mapped
stoxx_600_proxy,SYENS,SYENS.BR,SYENSQO NV,Materials,Belgium,Nyse Euronext - Euronext Brussels,EUR,mapped
stoxx_600_proxy,ISS,ISS.CO,ISS A S,Industrials,Denmark,Omx Nordic Exchange Copenhagen A/S,DKK,mapped
stoxx_600_proxy,NEX,NEX.PA,NEXANS SA,Industrials,France,Nyse Euronext - Euronext Paris,EUR,mapped
stoxx_600_proxy,BGEO,BGEO.L,LION FINANCE GROUP PLC,Financials,United Kingdom,London Stock Exchange,GBP,mapped
stoxx_600_proxy,IMCD,IMCD.AS,IMCD NV,Industrials,Netherlands,Euronext Amsterdam,EUR,mapped
stoxx_600_proxy,DIM,DIM.PA,SARTORIUS STEDIM BIOTECH SA,Health Care,France,Nyse Euronext - Euronext Paris,EUR,mapped
stoxx_600_proxy,AM,AM.PA,DASSAULT AVIATION SA,Industrials,France,Nyse Euronext - Euronext Paris,EUR,mapped
stoxx_600_proxy,LAND,LAND.L,LAND SECURITIES GROUP REIT PLC,Real Estate,United Kingdom,London Stock Exchange,GBP,mapped
stoxx_600_proxy,GET,GET.PA,GETLINK,Industrials,France,Nyse Euronext - Euronext Paris,EUR,mapped
stoxx_600_proxy,NIBE B,NIBE-B.ST,NIBE INDUSTRIER CLASS B,Industrials,Sweden,Nasdaq Omx Nordic,SEK,mapped
stoxx_600_proxy,BBY,BBY.L,BALFOUR BEATTY PLC,Industrials,United Kingdom,London Stock Exchange,GBP,mapped
stoxx_600_proxy,IG,IG.MI,ITALGAS,Utilities,Italy,Borsa Italiana,EUR,mapped
stoxx_600_proxy,IGG,IGG.L,IG GROUP HOLDINGS PLC,Financials,United Kingdom,London Stock Exchange,GBP,mapped
stoxx_600_proxy,ANDR,ANDR.VI,ANDRITZ AG,Industrials,Austria,Wiener Boerse Ag,EUR,mapped
stoxx_600_proxy,SAVE,SAVE.ST,NORDNET,Financials,Sweden,Nasdaq Omx Nordic,SEK,mapped
stoxx_600_proxy,VOE,VOE.VI,VOESTALPINE AG,Materials,Austria,Wiener Boerse Ag,EUR,mapped
stoxx_600_proxy,ZAL,ZAL.DE,ZALANDO,Consumer Discretionary,Germany,Xetra,EUR,mapped
stoxx_600_proxy,MRL,MRL.MC,MERLIN PROPERTIES REIT,Real Estate,Spain,Bolsa De Madrid,EUR,mapped
stoxx_600_proxy,BTRW,BTRW.L,BARRATT REDROW PLC,Consumer Discretionary,United Kingdom,London Stock Exchange,GBP,mapped
stoxx_600_proxy,SQN,SQN.SW,SWISSQUOTE GROUP HOLDING SA,Financials,Switzerland,SIX Swiss Exchange,CHF,mapped
stoxx_600_proxy,JMT,,JERONIMO MARTINS SA,Consumer Staples,Portugal,Nyse Euronext - Euronext Lisbon,EUR,unmapped
stoxx_600_proxy,GJF,GJF.OL,GJENSIDIGE FORSIKRING,Financials,Norway,Oslo Bors Asa,NOK,mapped
stoxx_600_proxy,P911,P911.DE,DR ING HC F PORSCHE PRF AG,Consumer Discretionary,Germany,Xetra,EUR,mapped
stoxx_600_proxy,ANA,ANA.MC,ACCIONA,Utilities,Spain,Bolsa De Madrid,EUR,mapped
stoxx_600_proxy,SCR,SCR.PA,SCOR,Financials,France,Nyse Euronext - Euronext Paris,EUR,mapped
stoxx_600_proxy,BMED,BMED.MI,BANCA MEDIOLANUM,Financials,Italy,Borsa Italiana,EUR,mapped
stoxx_600_proxy,BEIJ B,BEIJ-B.ST,BEIJER REF CLASS B,Industrials,Sweden,Nasdaq Omx Nordic,SEK,mapped
stoxx_600_proxy,LOTB,LOTB.BR,LOTUS BAKERIES NV,Consumer Staples,Belgium,Nyse Euronext - Euronext Brussels,EUR,mapped
stoxx_600_proxy,CTEC,CTEC.L,CONVATEC GROUP PLC,Health Care,United Kingdom,London Stock Exchange,GBP,mapped
stoxx_600_proxy,ABDN,ABDN.L,ABERDEEN GROUP PLC,Financials,United Kingdom,London Stock Exchange,GBP,mapped
stoxx_600_proxy,AUTO,AUTO.L,AUTOTRADER GROUP PLC,Communication,United Kingdom,London Stock Exchange,GBP,mapped
stoxx_600_proxy,SB1NO,SB1NO.OL,SPAREBANK SR-NORGE,Financials,Norway,Oslo Bors Asa,NOK,mapped
stoxx_600_proxy,PAH3,PAH3.DE,PORSCHE AUTOMOBIL HOLDING PREF,Consumer Discretionary,Germany,Xetra,EUR,mapped
stoxx_600_proxy,NDX1,NDX1.DE,NORDEX,Industrials,Germany,Xetra,EUR,mapped
stoxx_600_proxy,EVK,EVK.DE,EVONIK INDUSTRIES AG,Materials,Germany,Xetra,EUR,mapped
stoxx_600_proxy,SBMO,SBMO.AS,SBM OFFSHORE,Energy,Netherlands,Euronext Amsterdam,EUR,mapped
stoxx_600_proxy,SW,SW.PA,SODEXO SA,Consumer Discretionary,France,Nyse Euronext - Euronext Paris,EUR,mapped
stoxx_600_proxy,BLND,BLND.L,BRITISH LAND REIT,Real Estate,United Kingdom,London Stock Exchange,GBP,mapped
stoxx_600_proxy,TPRO,TPRO.MI,TECHNOPROBE SPA,Information Technology,Italy,Borsa Italiana,EUR,mapped
stoxx_600_proxy,EMG,EMG.L,MAN GROUP PLC,Financials,United Kingdom,London Stock Exchange,GBP,mapped
stoxx_600_proxy,LHA,LHA.DE,DEUTSCHE LUFTHANSA AG,Industrials,Germany,Xetra,EUR,mapped
stoxx_600_proxy,HWDN,HWDN.L,HOWDEN JOINERY GROUP PLC,Industrials,United Kingdom,London Stock Exchange,GBP,mapped
stoxx_600_proxy,CRDA,CRDA.L,CRODA INTERNATIONAL PLC,Materials,United Kingdom,London Stock Exchange,GBP,mapped
stoxx_600_proxy,LMP,LMP.L,LONDONMETRIC PROPERTY REIT PLC,Real Estate,United Kingdom,London Stock Exchange,GBP,mapped
stoxx_600_proxy,WDP,WDP.BR,WAREHOUSES DE PAUW NV,Real Estate,Belgium,Nyse Euronext - Euronext Brussels,EUR,mapped
stoxx_600_proxy,WPP,WPP.L,WPP PLC,Communication,United Kingdom,London Stock Exchange,GBP,mapped
stoxx_600_proxy,WTB,WTB.L,WHITBREAD PLC,Consumer Discretionary,United Kingdom,London Stock Exchange,GBP,mapped
stoxx_600_proxy,UMI,UMI.BR,UMICORE SA,Materials,Belgium,Nyse Euronext - Euronext Brussels,EUR,mapped
stoxx_600_proxy,GETI B,GETI-B.ST,GETINGE B,Health Care,Sweden,Nasdaq Omx Nordic,SEK,mapped
stoxx_600_proxy,HAG,HAG.DE,HENSOLDT AG,Industrials,Germany,Xetra,EUR,mapped
stoxx_600_proxy,MBK,MBK.WA,MBANK SA,Financials,Poland,Warsaw Stock Exchange/Equities/Main Market,PLN,mapped
stoxx_600_proxy,GALE,GALE.SW,GALENICA AG,Health Care,Switzerland,SIX Swiss Exchange,CHF,mapped
stoxx_600_proxy,NDA,NDA.DE,AURUBIS AG,Materials,Germany,Xetra,EUR,mapped
stoxx_600_proxy,RMV,RMV.L,RIGHTMOVE PLC,Communication,United Kingdom,London Stock Exchange,GBP,mapped
stoxx_600_proxy,AZA,AZA.ST,AVANZA BANK HOLDING,Financials,Sweden,Nasdaq Omx Nordic,SEK,mapped
stoxx_600_proxy,VAR,VAR.OL,VAR ENERGI,Energy,Norway,Oslo Bors Asa,NOK,mapped
stoxx_600_proxy,ROR,ROR.L,ROTORK PLC,Industrials,United Kingdom,London Stock Exchange,GBP,mapped
stoxx_600_proxy,RED,RED.MC,REDEIA CORPORACION SA,Utilities,Spain,Bolsa De Madrid,EUR,mapped
stoxx_600_proxy,PSN,PSN.L,PERSIMMON PLC,Consumer Discretionary,United Kingdom,London Stock Exchange,GBP,mapped
stoxx_600_proxy,AVOL,AVOL.SW,AVOLTA AG,Consumer Discretionary,Switzerland,SIX Swiss Exchange,CHF,mapped
stoxx_600_proxy,BRBY,BRBY.L,BURBERRY GROUP PLC,Consumer Discretionary,United Kingdom,London Stock Exchange,GBP,mapped
stoxx_600_proxy,UNI,UNI.MC,UNICAJA BANCO SA,Financials,Spain,Bolsa De Madrid,EUR,mapped
stoxx_600_proxy,SOF,SOF.BR,SOFINA SA,Financials,Belgium,Nyse Euronext - Euronext Brussels,EUR,mapped
stoxx_600_proxy,ADEN,ADEN.SW,ADECCO GROUP AG,Industrials,Switzerland,SIX Swiss Exchange,CHF,mapped
stoxx_600_proxy,VALMT,VALMT.HE,VALMET CORP,Industrials,Finland,Nasdaq Omx Helsinki Ltd.,EUR,mapped
stoxx_600_proxy,GF,GF.SW,GEORG FISCHER AG,Industrials,Switzerland,SIX Swiss Exchange,CHF,mapped
stoxx_600_proxy,FHZN,FHZN.SW,FLUGHAFEN ZUERICH AG,Industrials,Switzerland,SIX Swiss Exchange,CHF,mapped
stoxx_600_proxy,INVP,INVP.L,INVESTEC PLC,Financials,United Kingdom,London Stock Exchange,GBP,mapped
stoxx_600_proxy,AZM,AZM.MI,AZIMUT HOLDING,Financials,Italy,Borsa Italiana,EUR,mapped
stoxx_600_proxy,CAST,CAST.ST,CASTELLUM,Real Estate,Sweden,Nasdaq Omx Nordic,SEK,mapped
stoxx_600_proxy,SOI,SOI.PA,SOITEC SA,Information Technology,France,Nyse Euronext - Euronext Paris,EUR,mapped
stoxx_600_proxy,ATS,ATS.VI,AT & S AUSTRIA TECHNOLOGIE & SYSTE,Information Technology,Austria,Wiener Boerse Ag,EUR,mapped
stoxx_600_proxy,VER,VER.VI,VERBUND AG,Utilities,Austria,Wiener Boerse Ag,EUR,mapped
stoxx_600_proxy,MAP,MAP.MC,MAPFRE SA,Financials,Spain,Bolsa De Madrid,EUR,mapped
stoxx_600_proxy,BARN,BARN.SW,BARRY CALLEBAUT AG,Consumer Staples,Switzerland,SIX Swiss Exchange,CHF,mapped
stoxx_600_proxy,LUND B,LUND-B.ST,LUNDBERGFORETAGEN CLASS B,Financials,Sweden,Nasdaq Omx Nordic,SEK,mapped
stoxx_600_proxy,MYCR,MYCR.ST,MYCRONIC,Information Technology,Sweden,Nasdaq Omx Nordic,SEK,mapped
stoxx_600_proxy,DIE,DIE.BR,DIETEREN (D) SA,Consumer Discretionary,Belgium,Nyse Euronext - Euronext Brussels,EUR,mapped
stoxx_600_proxy,ZEG,ZEG.L,ZEGONA COMMUNICATIONS PLC,Communication,United Kingdom,London Stock Exchange,GBP,mapped
stoxx_600_proxy,AKE,AKE.PA,ARKEMA SA,Materials,France,Nyse Euronext - Euronext Paris,EUR,mapped
stoxx_600_proxy,ZAB,ZAB.WA,ZABKA GROUP SOCIETE ANONYME SA,Consumer Staples,Poland,Warsaw Stock Exchange/Equities/Main Market,PLN,mapped
stoxx_600_proxy,SECT B,SECT-B.ST,SECTRA CLASS B,Health Care,Sweden,Nasdaq Omx Nordic,SEK,mapped
stoxx_600_proxy,BCVN,BCVN.SW,BC VAUD N,Financials,Switzerland,SIX Swiss Exchange,CHF,mapped
stoxx_600_proxy,SIGN,SIGN.SW,SIG GROUP N AG,Materials,Switzerland,SIX Swiss Exchange,CHF,mapped
stoxx_600_proxy,CCC,CCC.L,COMPUTACENTER PLC,Information Technology,United Kingdom,London Stock Exchange,GBP,mapped
stoxx_600_proxy,EDPR,,EDP RENEWABLES SA,Utilities,Portugal,Nyse Euronext - Euronext Lisbon,EUR,unmapped
stoxx_600_proxy,INPST,INPST.AS,INPOST SA,Industrials,Netherlands,Euronext Amsterdam,EUR,mapped
stoxx_600_proxy,DNP,DNP.WA,DINO POLSKA,Consumer Staples,Poland,Warsaw Stock Exchange/Equities/Main Market,PLN,mapped
stoxx_600_proxy,A2A,A2A.MI,A2A,Utilities,Italy,Borsa Italiana,EUR,mapped
stoxx_600_proxy,NEM,NEM.DE,NEMETSCHEK,Information Technology,Germany,Xetra,EUR,mapped
stoxx_600_proxy,BKG,BKG.L,BERKELEY GROUP HOLDINGS (THE),Consumer Discretionary,United Kingdom,London Stock Exchange,GBP,mapped
stoxx_600_proxy,LEG,LEG.DE,LEG IMMOBILIEN N,Real Estate,Germany,Xetra,EUR,mapped
stoxx_600_proxy,ELIS,ELIS.PA,ELIS SA,Industrials,France,Nyse Euronext - Euronext Paris,EUR,mapped
stoxx_600_proxy,AALB,AALB.AS,AALBERTS,Industrials,Netherlands,Euronext Amsterdam,EUR,mapped
stoxx_600_proxy,AYV,AYV.PA,AYVENS SA,Industrials,France,Nyse Euronext - Euronext Paris,EUR,mapped
stoxx_600_proxy,AIXA,AIXA.DE,AIXTRON,Information Technology,Germany,Xetra,EUR,mapped
stoxx_600_proxy,SALM,SALM.OL,SALMAR,Consumer Staples,Norway,Oslo Bors Asa,NOK,mapped
stoxx_600_proxy,TE,TE.PA,TECHNIP ENERGIES,Energy,France,Nyse Euronext - Euronext Paris,EUR,mapped
stoxx_600_proxy,ENG,ENG.MC,ENAGAS SA,Utilities,Spain,Bolsa De Madrid,EUR,mapped
stoxx_600_proxy,FLS,FLS.CO,FLSMIDTH AND CO CLASS B,Industrials,Denmark,Omx Nordic Exchange Copenhagen A/S,DKK,mapped
stoxx_600_proxy,INCH,INCH.L,INCHCAPE PLC,Consumer Discretionary,United Kingdom,London Stock Exchange,GBP,mapped
stoxx_600_proxy,BGN,BGN.MI,BANCA GENERALI,Financials,Italy,Borsa Italiana,EUR,mapped
stoxx_600_proxy,RS1,RS1.L,RS GROUP PLC,Industrials,United Kingdom,London Stock Exchange,GBP,mapped
stoxx_600_proxy,TEMN,TEMN.SW,TEMENOS AG,Information Technology,Switzerland,SIX Swiss Exchange,CHF,mapped
stoxx_600_proxy,RAND,RAND.AS,RANDSTAD HOLDING,Industrials,Netherlands,Euronext Amsterdam,EUR,mapped
stoxx_600_proxy,MNDI,MNDI.L,MONDI PLC,Materials,United Kingdom,London Stock Exchange,GBP,mapped
stoxx_600_proxy,VEND,VEND.OL,VEND MARKETPLACES ASA,Communication,Norway,Oslo Bors Asa,NOK,mapped
stoxx_600_proxy,DEMANT,DEMANT.CO,DEMANT,Health Care,Denmark,Omx Nordic Exchange Copenhagen A/S,DKK,mapped
stoxx_600_proxy,BBOX,BBOX.L,TRITAX BIG BOX REIT PLC,Real Estate,United Kingdom,London Stock Exchange,GBP,mapped
stoxx_600_proxy,GFC,GFC.PA,GECINA SA,Real Estate,France,Nyse Euronext - Euronext Paris,EUR,mapped
stoxx_600_proxy,TEP,TEP.PA,TELEPERFORMANCE,Industrials,France,Nyse Euronext - Euronext Paris,EUR,mapped
stoxx_600_proxy,TUB,TUB.BR,FINANCIERE DE TUBIZE SA,Health Care,Belgium,Nyse Euronext - Euronext Brussels,EUR,mapped
stoxx_600_proxy,LAGR B,LAGR-B.ST,LAGERCRANTZ GROUP CLASS B,Information Technology,Sweden,Nasdaq Omx Nordic,SEK,mapped
stoxx_600_proxy,GL9,GL9.IR,GLANBIA PLC,Consumer Staples,Ireland,Irish Stock Exchange - All Market,EUR,mapped
stoxx_600_proxy,DRX,DRX.L,DRAX GROUP PLC,Utilities,United Kingdom,London Stock Exchange,GBP,mapped
stoxx_600_proxy,CDR,CDR.WA,CD PROJEKT RED,Communication,Poland,Warsaw Stock Exchange/Equities/Main Market,PLN,mapped
stoxx_600_proxy,KBCA,KBCA.BR,KBC ANCORA NV,Financials,Belgium,Nyse Euronext - Euronext Brussels,EUR,mapped
stoxx_600_proxy,AKER,AKER.OL,AKER,Industrials,Norway,Oslo Bors Asa,NOK,mapped
stoxx_600_proxy,MANTA,MANTA.HE,MANDATUM,Financials,Finland,Nasdaq Omx Helsinki Ltd.,EUR,mapped
stoxx_600_proxy,ENT,ENT.L,ENTAIN PLC,Consumer Discretionary,United Kingdom,London Stock Exchange,GBP,mapped
stoxx_600_proxy,OCTV SDB,OCTV-SDB.ST,OCTAVE INTELLIGENCE SDR PLC,Information Technology,Sweden,Nasdaq Omx Nordic,SEK,mapped
stoxx_600_proxy,ALLN,ALLN.SW,ALLREAL HOLDING AG,Real Estate,Switzerland,SIX Swiss Exchange,CHF,mapped
stoxx_600_proxy,VK,VK.PA,VALLOUREC SA,Energy,France,Nyse Euronext - Euronext Paris,EUR,mapped
stoxx_600_proxy,BIM,BIM.PA,BIOMERIEUX SA,Health Care,France,Nyse Euronext - Euronext Paris,EUR,mapped
stoxx_600_proxy,CPR,CPR.MI,DAVIDE CAMPARI MILANO NV,Consumer Staples,Italy,Borsa Italiana,EUR,mapped
stoxx_600_proxy,ALK B,ALK-B.CO,ALK-ABELLO CLASS B,Health Care,Denmark,Omx Nordic Exchange Copenhagen A/S,DKK,mapped
stoxx_600_proxy,JMAT,JMAT.L,JOHNSON MATTHEY PLC,Materials,United Kingdom,London Stock Exchange,GBP,mapped
stoxx_600_proxy,ING,ING.WA,ING BANK SLASKI SA,Financials,Poland,Warsaw Stock Exchange/Equities/Main Market,PLN,mapped
stoxx_600_proxy,SRP,SRP.L,SERCO GROUP PLC,Industrials,United Kingdom,London Stock Exchange,GBP,mapped
stoxx_600_proxy,CVC,CVC.AS,CVC CAPITAL PARTNERS PLC,Financials,Netherlands,Euronext Amsterdam,EUR,mapped
stoxx_600_proxy,LOOMIS,LOOMIS.ST,LOOMIS CLASS B,Industrials,Sweden,Nasdaq Omx Nordic,SEK,mapped
stoxx_600_proxy,R3NK,R3NK.DE,RENK GROUP AG,Industrials,Germany,Xetra,EUR,mapped
stoxx_600_proxy,BFT,BFT.WA,BENEFIT SYSTEMS,Industrials,Poland,Warsaw Stock Exchange/Equities/Main Market,PLN,mapped
stoxx_600_proxy,TW.,TW.L,TAYLOR WIMPEY PLC,Consumer Discretionary,United Kingdom,London Stock Exchange,GBP,mapped
stoxx_600_proxy,EVD,EVD.DE,CTS EVENTIM AG,Communication,Germany,Xetra,EUR,mapped
stoxx_600_proxy,FR,FR.PA,VALEO,Consumer Discretionary,France,Nyse Euronext - Euronext Paris,EUR,mapped
stoxx_600_proxy,SAGA B,SAGA-B.ST,SAGAX CLASS B,Real Estate,Sweden,Nasdaq Omx Nordic,SEK,mapped
stoxx_600_proxy,BZU,BZU.MI,BUZZI,Materials,Italy,Borsa Italiana,EUR,mapped
stoxx_600_proxy,AAK,AAK.ST,AAK,Consumer Staples,Sweden,Nasdaq Omx Nordic,SEK,mapped
stoxx_600_proxy,ARCAD,ARCAD.AS,ARCADIS NV,Industrials,Netherlands,Euronext Amsterdam,EUR,mapped
stoxx_600_proxy,FNTN,FNTN.DE,FREENET AG,Communication,Germany,Xetra,EUR,mapped
stoxx_600_proxy,MIL,MIL.WA,BANK MILLENNIUM SA,Financials,Poland,Warsaw Stock Exchange/Equities/Main Market,PLN,mapped
stoxx_600_proxy,RUI,RUI.PA,RUBIS,Utilities,France,Nyse Euronext - Euronext Paris,EUR,mapped
stoxx_600_proxy,HER,HER.MI,HERA,Utilities,Italy,Borsa Italiana,EUR,mapped
stoxx_600_proxy,KGX,KGX.DE,KION GROUP AG,Industrials,Germany,Xetra,EUR,mapped
stoxx_600_proxy,PIRC,PIRC.MI,PIRELLI & C,Consumer Discretionary,Italy,Borsa Italiana,EUR,mapped
stoxx_600_proxy,HUH1V,HUH1V.HE,HUHTAMAKI,Materials,Finland,Nasdaq Omx Helsinki Ltd.,EUR,mapped
stoxx_600_proxy,ACP,ACP.WA,ASSECO POLAND SA,Information Technology,Poland,Warsaw Stock Exchange/Equities/Main Market,PLN,mapped
stoxx_600_proxy,RAA,RAA.DE,RATIONAL AG,Industrials,Germany,Xetra,EUR,mapped
stoxx_600_proxy,ITV,ITV.L,ITV PLC,Communication,United Kingdom,London Stock Exchange,GBP,mapped
stoxx_600_proxy,QQ.,QQ.L,QINETIQ GROUP PLC,Industrials,United Kingdom,London Stock Exchange,GBP,mapped
stoxx_600_proxy,SFZN,SFZN.SW,SIEGFRIED HOLDING AG,Health Care,Switzerland,SIX Swiss Exchange,CHF,mapped
stoxx_600_proxy,IP,IP.MI,INTERPUMP GROUP,Industrials,Italy,Borsa Italiana,EUR,mapped
stoxx_600_proxy,HUBN,HUBN.SW,HUBER & SUHNER AG,Industrials,Switzerland,SIX Swiss Exchange,CHF,mapped
stoxx_600_proxy,CWK,CWK.L,CRANSWICK PLC,Consumer Staples,United Kingdom,London Stock Exchange,GBP,mapped
stoxx_600_proxy,BALD B,BALD-B.ST,FASTIGHETS BALDER CLASS B,Real Estate,Sweden,Nasdaq Omx Nordic,SEK,mapped
stoxx_600_proxy,TCAP,TCAP.L,TP ICAP GROUP PLC,Financials,United Kingdom,London Stock Exchange,GBP,mapped
stoxx_600_proxy,GRF,GRF.MC,GRIFOLS CLASS A,Health Care,Spain,Bolsa De Madrid,EUR,mapped
stoxx_600_proxy,AAF,AAF.L,AIRTEL AFRICA PLC,Communication,United Kingdom,London Stock Exchange,GBP,mapped
stoxx_600_proxy,PLUS,PLUS.L,PLUS500,Financials,United Kingdom,London Stock Exchange,GBP,mapped
stoxx_600_proxy,ACX,ACX.MC,ACERINOX,Materials,Spain,Bolsa De Madrid,EUR,mapped
stoxx_600_proxy,BAMNB,BAMNB.AS,BAM GROEP KONINKLIJKE NV,Industrials,Netherlands,Euronext Amsterdam,EUR,mapped
stoxx_600_proxy,ADP,ADP.PA,AEROPORTS DE PARIS SA,Industrials,France,Nyse Euronext - Euronext Paris,EUR,mapped
stoxx_600_proxy,TUI1,TUI1.DE,TUI N AG,Consumer Discretionary,United Kingdom,Xetra,EUR,mapped
stoxx_600_proxy,BC8,BC8.DE,BECHTLE AG,Information Technology,Germany,Xetra,EUR,mapped
stoxx_600_proxy,VSURE,VSURE.ST,VERISURE PLC,Industrials,Sweden,Nasdaq Omx Nordic,EUR,mapped
stoxx_600_proxy,SBNOR,SBNOR.OL,SPAREBANKEN NORGE,Financials,Norway,Oslo Bors Asa,NOK,mapped
stoxx_600_proxy,NOD,NOD.OL,NORDIC SEMICONDUCTOR,Information Technology,Norway,Oslo Bors Asa,NOK,mapped
stoxx_600_proxy,BC,BC.MI,BRUNELLO CUCINELLI,Consumer Discretionary,Italy,Borsa Italiana,EUR,mapped
stoxx_600_proxy,SUNN,SUNN.SW,SUNRISE N CLASS A LTD,Communication,Switzerland,SIX Swiss Exchange,CHF,mapped
stoxx_600_proxy,HIK,HIK.L,HIKMA PHARMACEUTICALS PLC,Health Care,United Kingdom,London Stock Exchange,GBP,mapped
stoxx_600_proxy,TBCG,TBCG.L,TBC BANK GROUP PLC,Financials,United Kingdom,London Stock Exchange,GBP,mapped
stoxx_600_proxy,REY,REY.MI,REPLY,Information Technology,Italy,Borsa Italiana,EUR,mapped
stoxx_600_proxy,NEXI,NEXI.MI,NEXI,Financials,Italy,Borsa Italiana,EUR,mapped
stoxx_600_proxy,PNN,PNN.L,PENNON GROUP PLC,Utilities,United Kingdom,London Stock Exchange,GBP,mapped
stoxx_600_proxy,MTO,MTO.L,MITIE GROUP PLC,Industrials,United Kingdom,London Stock Exchange,GBP,mapped
stoxx_600_proxy,IFCN,IFCN.SW,INFICON HOLDING AG,Information Technology,Switzerland,SIX Swiss Exchange,CHF,mapped
stoxx_600_proxy,BKW,BKW.SW,BKW N AG,Utilities,Switzerland,SIX Swiss Exchange,CHF,mapped
stoxx_600_proxy,BWY,BWY.L,BELLWAY PLC,Consumer Discretionary,United Kingdom,London Stock Exchange,GBP,mapped
stoxx_600_proxy,ALLFG,ALLFG.AS,ALLFUNDS GROUP PLC,Financials,Netherlands,Euronext Amsterdam,EUR,mapped
stoxx_600_proxy,BOL,BOL.PA,BOLLORE,Energy,France,Nyse Euronext - Euronext Paris,EUR,mapped
stoxx_600_proxy,TGS,TGS.OL,TGS NOPEC GEOPHYSICAL,Energy,Norway,Oslo Bors Asa,NOK,mapped
stoxx_600_proxy,SDF,SDF.DE,K+S N AG,Materials,Germany,Xetra,EUR,mapped
stoxx_600_proxy,IVG,IVG.MI,IVECO GROUP NV,Industrials,Italy,Borsa Italiana,EUR,mapped
stoxx_600_proxy,VPK,VPK.AS,KONINKLIJKE VOPAK,Energy,Netherlands,Euronext Amsterdam,EUR,mapped
stoxx_600_proxy,UTG,UTG.L,UNITE GROUP PLC,Real Estate,United Kingdom,London Stock Exchange,GBP,mapped
stoxx_600_proxy,VZN,VZN.SW,VZ HOLDING AG,Financials,Switzerland,SIX Swiss Exchange,CHF,mapped
stoxx_600_proxy,SUN,SUN.SW,SULZER AG,Industrials,Switzerland,SIX Swiss Exchange,CHF,mapped
stoxx_600_proxy,DLG,DLG.MI,DELONGHI,Consumer Discretionary,Italy,Borsa Italiana,EUR,mapped
stoxx_600_proxy,FDJU,FDJU.PA,FDJ UNITED,Consumer Discretionary,France,Nyse Euronext - Euronext Paris,EUR,mapped
stoxx_600_proxy,MOBN,MOBN.SW,MOBIMO HOLDING AG,Real Estate,Switzerland,SIX Swiss Exchange,CHF,mapped
stoxx_600_proxy,COTN,COTN.SW,COMET HOLDING AG,Information Technology,Switzerland,SIX Swiss Exchange,CHF,mapped
stoxx_600_proxy,AG1,AG1.DE,AUTO1 GROUP,Consumer Discretionary,Germany,Xetra,EUR,mapped
stoxx_600_proxy,LATO B,LATO-B.ST,LATOUR INVESTMENT CLASS B,Industrials,Sweden,Nasdaq Omx Nordic,SEK,mapped
stoxx_600_proxy,FPE3,FPE3.DE,FUCHS PREF,Materials,Germany,Xetra,EUR,mapped
stoxx_600_proxy,COV,COV.PA,COVIVIO SA,Real Estate,France,Nyse Euronext - Euronext Paris,EUR,mapped
stoxx_600_proxy,VATN,VATN.SW,VALIANT HOLDING AG,Financials,Switzerland,SIX Swiss Exchange,CHF,mapped
stoxx_600_proxy,RBREW,RBREW.CO,ROYAL UNIBREW,Consumer Staples,Denmark,Omx Nordic Exchange Copenhagen A/S,DKK,mapped
stoxx_600_proxy,FTK,FTK.DE,FLATEXDEGIRO N,Financials,Germany,Xetra,EUR,mapped
stoxx_600_proxy,KMAR,KMAR.OL,KONGSBERG MARITIME,Industrials,Norway,Oslo Bors Asa,NOK,mapped
stoxx_600_proxy,CMBN,CMBN.SW,CEMBRA MONEY BANK AG,Financials,Switzerland,SIX Swiss Exchange,CHF,mapped
stoxx_600_proxy,SCYR,SCYR.MC,SACYR,Industrials,Spain,Bolsa De Madrid,EUR,mapped
stoxx_600_proxy,SWEC B,SWEC-B.ST,SWECO CLASS B,Industrials,Sweden,Nasdaq Omx Nordic,SEK,mapped
stoxx_600_proxy,CSG,CSG.AS,CSG CLASS A NV,Industrials,Netherlands,Euronext Amsterdam,EUR,mapped
stoxx_600_proxy,HOLM B,HOLM-B.ST,HOLMEN CLASS B,Materials,Sweden,Nasdaq Omx Nordic,SEK,mapped
stoxx_600_proxy,VIS,VIS.MC,VISCOFAN SA,Consumer Staples,Spain,Bolsa De Madrid,EUR,mapped
stoxx_600_proxy,HIAB,HIAB.HE,HIAB CORPORATION CLASS B,Industrials,Finland,Nasdaq Omx Helsinki Ltd.,EUR,mapped
stoxx_600_proxy,PHP,PHP.L,PRIMARY HEALTH PROPERTIES REIT PLC,Real Estate,United Kingdom,London Stock Exchange,GBP,mapped
stoxx_600_proxy,QLT,QLT.L,QUILTER PLC,Financials,United Kingdom,London Stock Exchange,GBP,mapped
stoxx_600_proxy,SHC,SHC.L,SHAFTESBURY CAPITAL PLC,Real Estate,United Kingdom,London Stock Exchange,GBP,mapped
stoxx_600_proxy,SFSN,SFSN.SW,SFS GROUP AG,Industrials,Switzerland,SIX Swiss Exchange,CHF,mapped
stoxx_600_proxy,TEG,TEG.DE,TAG IMMOBILIEN AG,Real Estate,Germany,Xetra,EUR,mapped
stoxx_600_proxy,TOM,TOM.OL,TOMRA SYSTEMS,Industrials,Norway,Oslo Bors Asa,NOK,mapped
stoxx_600_proxy,ZEAL,ZEAL.CO,ZEALAND PHARMA,Health Care,Denmark,Omx Nordic Exchange Copenhagen A/S,DKK,mapped
stoxx_600_proxy,BPT,BPT.L,BRIDGEPOINT GROUP PLC,Financials,United Kingdom,London Stock Exchange,GBP,mapped
stoxx_600_proxy,PAF,PAF.L,PAN AFRICAN RESOURCES PLC,Materials,United Kingdom,London Stock Exchange,GBP,mapped
stoxx_600_proxy,TPE,TPE.WA,TAURON POLSKA ENERGIA,Utilities,Poland,Warsaw Stock Exchange/Equities/Main Market,PLN,mapped
stoxx_600_proxy,ROCK B,ROCK-B.CO,ROCKWOOL CLASS B,Industrials,Denmark,Omx Nordic Exchange Copenhagen A/S,DKK,mapped
stoxx_600_proxy,WIE,WIE.VI,WIENERBERGER AG,Materials,Austria,Wiener Boerse Ag,EUR,mapped
stoxx_600_proxy,PUM,PUM.DE,PUMA,Consumer Discretionary,Germany,Xetra,EUR,mapped
stoxx_600_proxy,SOP,SOP.PA,SOPRA STERIA GROUP,Information Technology,France,Nyse Euronext - Euronext Paris,EUR,mapped
stoxx_600_proxy,DKSH,DKSH.SW,DKSH HOLDING AG,Industrials,Switzerland,SIX Swiss Exchange,CHF,mapped
stoxx_600_proxy,PUIG,PUIG.MC,PUIG BRANDS SA CLASS B,Consumer Staples,Spain,Bolsa De Madrid,EUR,mapped
stoxx_600_proxy,JD.,JD.L,JD SPORTS FASHION PLC,Consumer Discretionary,United Kingdom,London Stock Exchange,GBP,mapped
stoxx_600_proxy,AXFO,AXFO.ST,AXFOOD,Consumer Staples,Sweden,Nasdaq Omx Nordic,SEK,mapped
stoxx_600_proxy,KTY,KTY.WA,GRUPA KETY,Materials,Poland,Warsaw Stock Exchange/Equities/Main Market,PLN,mapped
stoxx_600_proxy,FRA,FRA.DE,FRAPORT AG,Industrials,Germany,Xetra,EUR,mapped
stoxx_600_proxy,HOC,HOC.L,HOCHSCHILD MINING PLC,Materials,United Kingdom,London Stock Exchange,GBP,mapped
stoxx_600_proxy,KEMIRA,KEMIRA.HE,KEMIRA,Materials,Finland,Nasdaq Omx Helsinki Ltd.,EUR,mapped
stoxx_600_proxy,DLN,DLN.L,DERWENT LONDON REIT PLC,Real Estate,United Kingdom,London Stock Exchange,GBP,mapped
stoxx_600_proxy,LIGHT,LIGHT.AS,SIGNIFY,Industrials,Netherlands,Euronext Amsterdam,EUR,mapped
stoxx_600_proxy,AMV0,AMV0.DE,AUMOVIO N,Consumer Discretionary,Germany,Xetra,EUR,mapped
stoxx_600_proxy,THULE,THULE.ST,THULE GROUP,Consumer Discretionary,Sweden,Nasdaq Omx Nordic,SEK,mapped
stoxx_600_proxy,BUCN,BUCN.SW,BUCHER INDUSTRIES AG,Industrials,Switzerland,SIX Swiss Exchange,CHF,mapped
stoxx_600_proxy,GBF,GBF.DE,BILFINGER,Industrials,Germany,Xetra,EUR,mapped
stoxx_600_proxy,BAKKA,BAKKA.OL,BAKKAFROST,Consumer Staples,Norway,Oslo Bors Asa,NOK,mapped
stoxx_600_proxy,WIHL,WIHL.ST,WIHLBORGS FASTIGHETER,Real Estate,Sweden,Nasdaq Omx Nordic,SEK,mapped
stoxx_600_proxy,SESG,SESG.PA,SES SA FDR,Communication,France,Nyse Euronext - Euronext Paris,EUR,mapped
